Property ID,Grade,Status,First Name,Last Name,Email,Email 2,Phone,Phone 2,Co-Insured First,Co-Insured Last,Co-Insured Email,Co-Insured Phone,Address,City,State,Zip,County,Property Type,Land Use,Bedrooms,Bathrooms,Square Feet,Year Built,Roof Year,Est. Value,Effective Date,Engine,Travelers,Plymouth,Band Low,Band High,Est. Premium,Skip Traced,Skip Traced On,Flood Zone,Owner Occupied
336516205,A,rated,Gina,Napolitano,luigi.napolitano12@icloud.com,lg_napolitano@yahoo.com,7329779706,2017364782,Luigi,Napolitano,luigi.napolitano12@icloud.com,9735398399,10 Augustus Dr,Middletown,NJ,07748,Monmouth County,CONDO,Residential,,,2836,2023,2023,943000,2026-08-22,2,eligible,eligible,,,5187,Yes,Tue Aug 25,X,Yes
198475793,A,rated,Kristine,Widulski,kwidulski@hotmail.com,kristinewidulski@ameritech.net,9175022637,7188288880,Bradley,Widulski,bwidulski@gmail.com,9178419111,103 Greenwood Dr,Freehold,NJ,07728,Monmouth County,CONDO,Residential,2,2,1518,1982,2015,426000,2026-08-22,2,eligible,eligible,,,2556,Yes,Tue Aug 25,X,Yes
37567601,A,rated,Lee,Lessner,iamjo1@hotmail.com,lee.lessner@tixxman.com,7329961357,7322727566,Gloria,Lessner,,7328515619,132 Amberly Dr Unit C,Manalapan,NJ,07726,Monmouth County,CONDO,Residential,2,2,1158,1976,,312000,2026-08-22,2,eligible,eligible,,,1872,Yes,Tue Aug 25,X,Yes
48678459,A,rated,Grigoriy,Lyubarskiy,glyubarskiy@yahoo.com,,9177710860,7184441989,Sufiya,Lyubarskaya,glyubarskiy@yahoo.com,9174826824,155 Sunnymede St,Englishtown,NJ,07726,Monmouth County,CONDO,Residential,1,1,1303,1986,,414000,2026-08-22,2,eligible,eligible,,,2236,Yes,Tue Aug 25,X,Yes
4110107,A,rated,Tatiana,Newcomer,tatinewcomer@gmail.com,tcobain@hotmail.com,9735132926,9733473388,Bryan,Newcomer,,9733473388,17 Alec Dr,Howell,NJ,07731,Monmouth County,CONDO,Residential,2,1,1276,1988,,399000,2026-08-22,2,eligible,eligible,,,2155,Yes,Tue Aug 25,X,Yes
251589298,A,rated,Sabrena,Watkins,sabden192@hotmail.com,watkinssabrena@aplusproducts.net,7323304152,7323631379,Darryl,Watkins,daryleeewatkins@gmail.com,7322374079,17 Christopher Dr,Howell,NJ,07731,Monmouth County,SFR,Residential,4,3,2717,2015,2015,868000,2026-08-22,2,eligible,eligible,,,4774,Yes,Tue Aug 25,X,Yes
251518529,A,rated,Jacob,Macari,card_buyer@yahoo.com,jacobmacari@gmail.com,2019067185,2056134058,Michelle,Macari,,,27 Hanging Rock Rd,Freehold,NJ,07728,Monmouth County,SFR,Residential,5,3,5384,2008,2008,1766300,2026-08-22,2,review,eligible,,,11234,Yes,Thu Aug 20,X,Yes
1000438693,A,rated,Chardonnay,Fares,chardonnaypickard@gmail.com,cpickard@angelfire.com,6462846640,3156820645,Chardonnay,Pickard,alexandriaetaylor@gmail.com,9147929025,28 Edmund Way,Middletown,NJ,07748,Monmouth County,CONDO,Residential,,,3172,2023,,1044500,2026-08-22,2,eligible,eligible,,,5745,Yes,Tue Aug 25,X,Yes
251520210,A,rated,Cecilia,De La Rosa,cecedela9@aol.com,fronald.delarosas76@comcast.net,9734527180,5616029063,Ronald,Delarosa,rowz1014@aol.com,5616940324,3 Criollo Rd,Manalapan,NJ,07726,Monmouth County,SFR,Residential,3,1,2267,2008,2008,806000,2026-08-22,2,eligible,eligible,,,4272,Yes,Tue Aug 25,X,Yes
29099717,A,rated,Michelle,Dassa,mpdassa@gmail.com,michelle.dassa@yahoo.com,7322848174,9085127794,Vince,Prudente,jdassa@yahoo.com,7326171448,310 Saint Andrews Pl,Manalapan,NJ,07726,Monmouth County,CONDO,Residential,2,1,1592,2000,,467000,2026-08-22,2,eligible,eligible,,,2522,Yes,Tue Aug 25,X,Yes
45274204,A,rated,Marianne,Pantaleo,marpant17@aol.com,mariannepantaleo@netscape.net,2019237481,7327472670,Dolores,Pantaleo,dolores.pantaleo@yahoo.com,7324093600,7 Colonial Sq,Middletown,NJ,07748,Monmouth County,CONDO,Residential,2,3,2010,1988,,662000,2026-08-22,2,eligible,eligible,,,3575,Yes,Tue Aug 25,X,Yes
324340160,A,rated,Ahsan,Iftikhar,aiftikhar@outlook.com,aiftikhar@verizon.net,2017728042,2019278875,Mohsin,Iftikhar,aashee19@hotmail.com,2014677336,82 Stream Bank Dr,Freehold,NJ,07728,Monmouth County,SFR,Residential,4,1,3991,2008,2022,1290900,2026-08-22,2,eligible,eligible,,,7526,Yes,Tue Aug 25,X,Yes
48590280,A,rated,Matthew,Amidon,mtamidon@yahoo.com,,3156770296,,Tara,Contegiacomo,aamidon@twcny.rr.com,3156770296,84 Wood Duck Ct,Freehold,NJ,07728,Monmouth County,CONDO,Residential,3,1,1720,1995,,582400,2026-08-22,2,eligible,eligible,,,3145,Yes,Tue Aug 25,X,Yes
251589246,A,rated,Ariel E,Ambat,tristan.ambat@gmail.com,aambat@gmail.com,7329048279,7173866369,Tristan,Ambat,aambat@gmail.com,7323038248,86 Legacy Ct,Freehold,NJ,07728,Monmouth County,SFR,Residential,4,2,2933,2017,2017,962000,2026-08-22,2,eligible,eligible,,,5291,Yes,Tue Aug 25,X,Yes
198445604,A,rated,Bradley,Klug,bradleyklug@gmail.com,bradklug@gmail.com,4044288385,7024975748,Jenna,Sobel,adamklug@gmail.com,7706308965,9 Exeter Pass,Colts Neck,NJ,07722,Monmouth County,CONDO,Residential,3,3,1922,1993,,812000,2026-08-22,2,eligible,eligible,,,4385,Yes,Tue Aug 25,X,Yes
251522764,A,rated,Xi,Zheng,rita520kelvin@hotmail.com,,6463218600,9172561497,Michael,Baron,,6173960861,96 Deepwater Cir,Manalapan,NJ,07726,Monmouth County,CONDO,Residential,4,1,2191,2006,2022,729000,2026-08-22,2,eligible,eligible,,,3645,Yes,Tue Aug 25,X,Yes
20510972,A,rated,Tony,Hua,timone96@gmail.com,thua1@cfl.rr.com,2677462000,2672664793,Thuy,Pham,albyhua@gmail.com,6104665747,137 Cypress Ct,Howell,NJ,07731,Monmouth County,CONDO,Residential,2,2,964,1986,,344100,2026-08-23,2,eligible,eligible,,,1858,Yes,Tue Aug 25,X,Yes
700086276950,A,rated,Cecilia,Rodriguez,bad15girl8@yahoo.com,ceci1@onebox.com,7328013778,7323543259,Ricardo,Aquino,rickyman_159@hotmail.com,9015643067,139c Wein Market,Freehold,NJ,07728,Monmouth County,CONDO,Townhouse/Condo,1,1,1132,1967,,348000,2026-08-23,2,eligible,eligible,,,2088,Yes,Tue Aug 25,X,Yes
334634426,A,rated,Umaiyalan,Paramananthan,uparamananthan@worldnet.att.net,uparamananthan@aol.com,7324230536,7324230862,Alan,Paramananthan,,7323878590,1401 Arose Ln,Middletown,NJ,07748,Monmouth County,CONDO,Residential,3,4,2640,2021,2021,868000,2026-08-23,2,eligible,eligible,,,4774,Yes,Tue Aug 25,X,Yes
1103404,A,rated,John,Rapisarda,jrap73@aol.com,ajrap73@aol.com,7187552280,7325134303,Darille,Rapisarda,jrap73@aol.com,7187552280,18 Nicholson Ky,Colts Neck,NJ,07722,Monmouth County,CONDO,Residential,3,4,2126,1993,,846100,2026-08-23,2,eligible,eligible,,,4569,Yes,Tue Aug 25,X,Yes
15760109,A,rated,Michael,Tranberg,,,,,James,Tranberg,jtranberg@hotmail.com,9733771345,2401 Buckingham Cir,Middletown,NJ,07748,Monmouth County,CONDO,Residential,2,1,1508,1982,,470000,2026-08-23,2,eligible,eligible,,,2820,Yes,Tue Aug 25,X,Yes
240000676,A,rated,Sue,Zilenziger,szilenziger@gmail.com,szilenziger@optonline.net,7326857795,9103036551,Ashley,Zilenziger,dzilenziger@yahoo.com,7322990528,263 Chickadee Ct,Freehold,NJ,07728,Monmouth County,CONDO,Residential,3,1,1576,2014,2014,587500,2026-08-23,2,eligible,eligible,,,2938,Yes,Tue Aug 25,X,Yes
142419535,A,rated,Alex,Cheremoshnyuk,alexandercheremoshnyuk@gmail.com,alex023@gmail.com,3474154270,9177570046,Alla,Cheremoshnyuk,akholchansky@yahoo.com,3474154270,3 Fulling Mill Ln,Colts Neck,NJ,07722,Monmouth County,SFR,Residential,4,,8657,2007,,2299000,2026-08-23,2,review,eligible,,,13794,Yes,Tue Aug 25,X,Yes
53014756,A,rated,Amelia,Mazza,ameliamazza@yahoo.com,samaneh1989@gmail.com,5165647956,5163959857,John,Dertinger,ed_mazza@yahoo.com,5164892303,335 Sunshine Ct,Englishtown,NJ,07726,Monmouth County,CONDO,Residential,1,1,1082,1986,,297000,2026-08-23,2,eligible,eligible,,,1604,Yes,Tue Aug 25,X,Yes
28974375,A,rated,Jessica,Ferber,jessicalynnferber@gmail.com,jferber@cox.net,9178467555,9735394375,Steven,Perkel,sperkins1219@gmail.com,9176266937,45 Deepwater Cir,Manalapan,NJ,07726,Monmouth County,CONDO,Residential,3,1,2023,2006,2014,764000,2026-08-23,2,eligible,eligible,,,4049,Yes,Tue Aug 25,X,Yes
1810827,A,rated,Vincent,Lastella,slidebonej@aol.com,vlastella@yahoo.com,6464230877,7187200221,Jessica,Lastella,,7187208880,5 Independence Blvd,Englishtown,NJ,07726,Monmouth County,SFR,Residential,4,1,2199,1965,2018,804000,2026-08-23,2,eligible,eligible,,,5753,Yes,Tue Aug 25,X,Yes
253247219,A,rated,James,Wardle,jjwardle@gmail.com,ganstachilling@aol.com,9087157600,9082397805,Marie,Wardle,mariewardle@hotmail.com,9736949719,62 Harvest Ridge Rd,Howell,NJ,07731,Monmouth County,SFR,Residential,2,1,2230,2017,,716000,2026-08-23,2,eligible,eligible,,,3580,Yes,Tue Aug 25,X,Yes
251520832,A,rated,Kevin,Berman,berman888@aol.com,berman888@nj.rr.com,7325807031,7325367340,Andrea,Berman,,6093248141,70 Demarest Dr,Manalapan,NJ,07726,Monmouth County,CONDO,Residential,3,1,1853,2010,2010,698000,2026-08-23,2,eligible,eligible,,,3490,Yes,Tue Aug 25,X,Yes
37668324,A,rated,Gabriel,Gelman,,,3478617689,7182732624,Gabriel,Gelman,gabrielgelman@gmail.com,7189541019,14 Pine Cluster Cir Unit E,Manalapan,NJ,07726,Monmouth County,CONDO,Residential,2,1,1130,1973,,268000,2026-08-24,2,eligible,eligible,,,1608,Yes,Tue Aug 25,X,Yes
334634427,A,rated,Lynsey,Vivian,lvivian13@aol.com,svivian333@gmail.com,9086010276,2012733639,Alexander,Vivian,,7327396915,1402 Arose Ln,Middletown,NJ,07748,Monmouth County,CONDO,Residential,,,2352,2021,,792000,2026-08-24,2,eligible,eligible,,,3960,Yes,Tue Aug 25,X,Yes
325534892,A,rated,Theresa,Brummer,tfbrum91@optonline.net,tannbrum@optonline.net,7329865808,7327896270,Philip,Brummer,pjbrum55@gmail.com,7325483882,21 Moonlight Way,Howell,NJ,07731,Monmouth County,SFR,Residential,2,3,2198,2018,2018,710000,2026-08-24,2,eligible,eligible,,,3550,Yes,Tue Aug 25,X,Yes
202399195,A,rated,Maria,Aynes,mjev123@gmail.com,mcaynes17@aol.com,6468084060,6469389553,Vivian,Panagakos,tea04life@yahoo.com,7189840398,214 Medford Ct Unit C,Manalapan,NJ,07726,Monmouth County,CONDO,Residential,2,2,1143,1980,,348000,2026-08-24,2,eligible,eligible,,,2088,Yes,Tue Aug 25,X,Yes
147718116,A,rated,Alyssa,Scull,rscull3087@aol.com,smscull@aol.com,2014006404,2019341184,Robert,Davis,smscull@aol.com,6235849023,3006 Smoke House Ct,Freehold,NJ,07728,Monmouth County,CONDO,Residential,3,1,1510,1997,,522800,2026-08-24,2,eligible,eligible,,,2823,Yes,Tue Aug 25,X,Yes
188728971,A,rated,Pablo,Catangay,pcata123@optimum.net,dcat1011@gmail.com,2013944832,2016841217,Marilyn,Catangay,mcatis30@yahoo.com,8438327057,34 Comtois Rd,Manalapan,NJ,07726,Monmouth County,SFR,Residential,3,1,2080,2014,2014,768000,2026-08-24,2,eligible,eligible,,,3840,Yes,Tue Aug 25,X,Yes
189461926,A,rated,Marcus,Pang,mpang1@hotmail.com,mpang1@yahoo.com,7326722975,7324928067,Joshua,Pang,nscfung@hotmail.com,7329724584,349 Van Dusen Dr,Marlboro,NJ,07746,Monmouth County,SFR,Residential,3,2,2863,2012,2012,874000,2026-08-24,2,eligible,eligible,,,4807,Yes,Tue Aug 25,X,Yes
196055941,A,rated,Radha,Katragadda,kris9k@gmail.com,cliffpatterson6162@gmail.com,6464631314,9089371941,Ratna,Katragadda,krishnashanthik@yahoo.com,2013020750,7 American Way,Marlboro,NJ,07746,Monmouth County,SFR,Residential,4,4,5923,2008,,1154200,2026-08-24,2,eligible,eligible,,,7341,Yes,Tue Aug 25,X,Yes
198984392,A,rated,Allen,Woodcock,allen@ajains.com,allenwoodcock@msn.com,7325984301,7327401982,Gina,Woodcock,gina.tobey@gmail.com,7325984301,8 Barn Swallow Blvd,Marlboro,NJ,07746,Monmouth County,CONDO,Residential,4,2,1792,1997,,689000,2026-08-24,2,eligible,eligible,,,3721,Yes,Tue Aug 25,X,Yes
24335552,A,rated,Dora,Strollo,dstrollo283@comcast.net,,7329966736,9089226736,Brenna,Strollo,mstrollo155@gmail.com,7322725870,11 Fieldcrest Way,Hazlet,NJ,07730,Monmouth County,CONDO,Residential,2,1,1676,1984,,436000,2026-08-25,2,eligible,eligible,,,2616,Yes,Mon Aug 24,X,Yes
10693924,A,rated,Vicki,Sharron,vsharron@yahoo.com,vickis1854@yahoo.com,9179697821,7327869712,Lisa,Connor,rsharron@yahoo.com,2122275550,111 Amberly Dr Unit A,Manalapan,NJ,07726,Monmouth County,CONDO,Residential,1,1,864,1974,,250000,2026-08-25,2,eligible,eligible,,,1500,Yes,Mon Aug 24,X,Yes
200987852,A,rated,Matthew,Andrews,mattandrews14@yahoo.com,,7323950599,9085919621,William,Andrews,aandrews@twcny.rr.com,7324254332,16 Aspen Ave,Englishtown,NJ,07726,Monmouth County,CONDO,Residential,1,2,1332,1996,,341000,2026-08-25,2,eligible,eligible,,,1841,Yes,Mon Aug 24,X,Yes
333025431,A,rated,Rhonda,Zhang,romanuch@hotmail.com,rhondazhang@yahoo.com,9172578235,7325986407,Michael,Zhang,michael.zhang@gmail.com,7323358536,1903 Evans Ln,Middletown,NJ,07748,Monmouth County,CONDO,Residential,,,2496,2021,2021,813000,2026-08-25,2,eligible,eligible,,,4065,Yes,Mon Aug 24,X,Yes
205227863,A,rated,Margaret,Porzio,porziomargaret@yahoo.com,margaret.porzio@gmail.com,9172971880,3308816734,Lucia,Porzio,mnporzio@msn.com,7184421651,249 Shinnecock Dr,Manalapan,NJ,07726,Monmouth County,CONDO,Residential,3,2,1995,2000,,682000,2026-08-25,2,eligible,eligible,,,3683,Yes,Mon Aug 24,X,Yes
24362677,A,rated,Danielle,Schenk,dschenk@caldwell.edu,dschenk93@aol.com,,,Kenneth,Bierylo,18aschenk@gmail.com,7328326968,309 Balsam Ct,Howell,NJ,07731,Monmouth County,CONDO,Residential,2,2,1044,1986,,337000,2026-08-25,2,eligible,eligible,,,1820,Yes,Mon Aug 24,X,Yes
187212777,A,rated,Saverio,Simione,samsimione@gmail.com,guitarman430@verizon.net,9083800384,7327899023,Mario,Simione,josimione@gmail.com,7327869023,36 Amberly Dr Unit G,Manalapan,NJ,07726,Monmouth County,CONDO,Residential,2,1,1130,1974,,282000,2026-08-25,2,eligible,eligible,,,1692,Yes,Mon Aug 24,X,Yes
198913962,A,rated,Alla,Levine,akozints4@gmail.com,hotblondy55@hotmail.com,6465150488,7183754813,Max,Levine,maxpil@gmail.com,9179524923,40 Bonnie Dr,North Middletown,NJ,07748,Monmouth County,CONDO,Residential,3,3,1411,1989,,769000,2026-08-25,2,eligible,eligible,,,4153,Yes,Mon Aug 24,X,Yes
334669851,A,rated,Donna,Cook,dcook133@verizon.net,cookdm133@gmail.com,7324899103,7326730919,Kevin,Cook,dcook133@verizon.net,7325835240,613 Arose Ln,Middletown,NJ,07748,Monmouth County,CONDO,Residential,,,998,2021,,316000,2026-08-25,2,eligible,eligible,,,1580,Yes,Mon Aug 24,X,Yes
42396754,A,rated,Lauren,Galazzo,laurenalyse18@gmail.com,dgalazzo@att.net,7322361033,7329012189,Michael,Ragno,dgalazzoh5@aol.com,7328506480,140 Stokes St,Freehold,NJ,07728,Monmouth County,CONDO,Residential,2,2,1400,1970,,419000,2026-08-26,2,eligible,eligible,,,2514,Yes,Mon Aug 24,X,Yes
37798828,A,rated,Alan M,Mansueto,cynm1010@yahoo.com,,3474652988,7322640289,Brandon,Mansueto,dmansu@ptd.net,5703864189,152 Northampton Dr,Holmdel,NJ,07733,Monmouth County,CONDO,Residential,2,3,1804,1984,,559000,2026-08-26,2,eligible,eligible,,,3354,Yes,Mon Aug 24,X,Yes
15826293,A,rated,Alec,Wagstaff,ajwagstaff123@gmail.com,,7325467916,7326733124,Lisa,Melando,jwcnnj@yahoo.com,7326733124,179 Shinnecock Dr,Manalapan,NJ,07726,Monmouth County,CONDO,Residential,3,1,1995,2000,,662000,2026-08-26,2,eligible,eligible,,,3575,Yes,Mon Aug 24,X,Yes
251517458,A,rated,Alan,Zeitlin,thezeit@msn.com,alanzeitlin@earthlink.net,7325477034,7327803748,Amy,Zeitlin,thezeit@msn.com,7327803748,18 Percheron Rd,Manalapan,NJ,07726,Monmouth County,SFR,Residential,2,1,2249,2010,2010,839000,2026-08-26,2,eligible,eligible,,,4195,Yes,Mon Aug 24,X,Yes
18682757,A,rated,Michael,Tawfik,michaeltawfik2020@gmail.com,,,,Mariam,Agban,,2015151539,357 Oak Knoll Dr,Manalapan,NJ,07726,Monmouth County,CONDO,Residential,1,3,1574,1993,,596000,2026-08-26,2,eligible,eligible,,,3218,Yes,Mon Aug 24,X,Yes
37390399,A,rated,Sivakumar,Kanagavel,sivakumar.kanagavel@gmail.com,sivakumarkanagavel@gmail.com,9013385778,8636962619,Divya,Periasamy,,,41 Maria Ct,Holmdel,NJ,07733,Monmouth County,CONDO,Residential,3,3,1529,1995,,570000,2026-08-26,2,eligible,eligible,,,3078,Yes,Mon Aug 24,X,Yes
20176417,A,rated,Kaitlyn,Dunn,,,7327391462,7326711238,Cameron,Penta,dunnmak@verizon.net,7327391462,9 Rambling Meadow Ct,Tinton Falls,NJ,07724,Monmouth County,CONDO,Residential,2,2,1401,1988,,559000,2026-08-26,2,eligible,eligible,,,3019,Yes,Tue Aug 25,X,Yes
205162853,A,rated,Stephen,Magarine,hanna67th@aol.com,heybooboo19@gmail.com,6026497967,9084159115,Dennis,Magarine,dmagarine@yahoo.com,8456931132,93 Aspen Ln,Freehold,NJ,07728,Monmouth County,CONDO,Residential,2,2,1533,1994,,506000,2026-08-26,2,eligible,eligible,,,2732,Yes,Mon Aug 24,X,Yes
151970349,A,rated,Navin,Menon,,,,,Elisa,Dukhota,elisadukhota@yahoo.com,7183732100,1 Allen Ct,Manalapan,NJ,07726,Monmouth County,CONDO,Residential,2,1,1922,1990,,574200,2026-08-27,2,eligible,eligible,,,3101,Yes,Tue Aug 25,X,Yes
205772588,A,rated,Matthew,Borriello,jenniferborriello@gmail.com,gosgood03@yahoo.com,7324093179,,Anne,Borriello,anneborriello@hotmail.com,6462513747,37 Rachel Ct Unit 5,Freehold,NJ,07728,Monmouth County,CONDO,Residential,2,2,1027,1987,,393000,2026-08-27,2,eligible,eligible,,,2122,Yes,Mon Aug 24,X,Yes
251518409,A,rated,Naftali,Feldman,feldmaney@gmail.com,nfeldman@netzero.net,7182560175,7182568726,Leah,Feldman,,7182560175,4 Calloway St,Howell,NJ,07731,Monmouth County,SFR,Residential,4,3,3516,2006,2006,1276000,2026-08-27,2,eligible,eligible,,,7018,Yes,Mon Aug 24,X,Yes
12898032,A,rated,David,Treene,atreene@gmail.com,ingridraeck@hotmail.com,6097311199,6508673143,Sarah,Citro,laurietreene@gmail.com,6093339720,4103 Dairy Ct,Freehold,NJ,07728,Monmouth County,CONDO,Residential,2,1,1217,1994,,404000,2026-08-27,2,eligible,eligible,,,2182,Yes,Mon Aug 24,X,Yes
26158160,A,rated,Robert,Ecker,,,9176027996,7189098410,Catherine,Ginos,cimbesiginos@yahoo.com,9174039810,6 Pine Cluster Cir Unit G,Manalapan,NJ,07726,Monmouth County,CONDO,Residential,2,1,1130,1974,,266000,2026-08-27,2,eligible,eligible,,,1596,Yes,Tue Aug 25,X,Yes
147903497,A,rated,Carmen,Zapatier,czapatier@aol.com,czapatier@netzero.com,7185526120,7186073355,Hun,Lee,,3473982227,98 Demarest Dr # A,Manalapan,NJ,07726,Monmouth County,CONDO,Residential,2,1,838,2010,2010,166000,2026-08-27,2,eligible,eligible,,,830,Yes,Mon Aug 24,X,Yes
143003339,A,rated,Diana,Sarcone,ddsarcone@aol.com,esarcoine@ao.com,7325984926,7325984700,Diana,Sarcone,,7324466045,165 Tulip Ln,Freehold,NJ,07728,Monmouth County,CONDO,Residential,2,2,1096,1986,,417000,2026-08-28,2,eligible,eligible,,,2252,Yes,Mon Aug 24,X,Yes
251517514,A,rated,Edward,Pishchik,enewyorkp@gmail.com,madionsnights@adelphia.net,3473344144,3474005038,Olga,Nikitina,davidpishchik@gmail.com,3473344144,4 Mulberry Dr,Manalapan,NJ,07726,Monmouth County,SFR,Residential,4,3,2426,2013,2013,947000,2026-08-28,2,eligible,eligible,,,4735,Yes,Mon Aug 24,X,Yes
200381721,A,rated,Georgette,Carannante,gcarannante@gmail.com,,7189388116,7189811987,Anthony,Carannante,acarannante@comcast.net,7189811987,414 Edinburgh Pl,Marlboro,NJ,07746,Monmouth County,SFR,Residential,2,2,2842,2011,,860000,2026-08-28,2,eligible,eligible,,,4730,Yes,Mon Aug 24,X,Yes
205227775,A,rated,Lisa,Healy,haviv@aol.com,haviv3@charter.net,7326874440,7325012050,Andrew,Dugan,,7325361452,434 Saint Andrews Pl,Manalapan,NJ,07726,Monmouth County,CONDO,Residential,3,1,1067,2000,,231000,2026-08-28,2,eligible,eligible,,,1247,Yes,Mon Aug 24,X,Yes
199736409,A,rated,Zigmund,Biler,estherdollfmi@gmail.com,zigbiler@yahoo.com,9173018761,7326199452,Vitalya,Biler,mitchb93@hotmail.com,7323309098,63 Wintergreen Dr,Manalapan,NJ,07726,Monmouth County,SFR,Residential,3,1,2149,2012,2012,837100,2026-08-28,2,eligible,eligible,,,4186,Yes,Mon Aug 24,X,Yes
37387934,A,rated,Sarah,Krzywicki,sarah_krzywicki@yahoo.com,cskrzywicki7@juno.com,7327611487,,Jaclyn,Klask,bk91290@yahoo.com,7325138827,54 Chinkaberry Ct,Howell,NJ,07731,Monmouth County,CONDO,Residential,2,2,1044,1986,,362000,2026-08-29,2,eligible,eligible,,,1955,Yes,Mon Aug 24,X,Yes
29685792,A,rated,Joseph,Nesi,cnesi@aol.com,shockeyskater80@hotmail.com,9089060021,7329060021,Carolyn,Nesi,cnesi@aol.com,7329060021,1 Edwards Farm Ln,Tinton Falls,NJ,07724,Monmouth County,CONDO,Residential,3,1,3358,2017,,1290000,2026-09-13,2,eligible,eligible,,,7095,Yes,Mon Aug 24,X,Yes
251521257,A,rated,Umer,Chaudhry,umerchaudhry@hotmail.com,saqibc@gmail.com,9084209056,3347564239,Hina,Mohiuddin,benazeer.chaudhry@cenmed.com,9084631598,10 Love Ln,Freehold,NJ,07728,Monmouth County,SFR,Residential,4,2,4697,2007,,1522000,2026-09-13,2,review,eligible,,,9680,Yes,Mon Aug 24,X,Yes
20176418,A,rated,Angie,Haddad,angiegirl519@aol.com,ronhaddad@hotmail.com,7322137758,6096363015,Rannie,Haddad,lperrone1@cox.net,7326051708,10 Rambling Meadow Ct,Tinton Falls,NJ,07724,Monmouth County,CONDO,Residential,2,2,1401,1987,,555000,2026-09-13,2,eligible,eligible,,,2997,Yes,Mon Aug 24,X,Yes
193035885,A,rated,Keith,Torro,ktorro1@hotmail.com,ktorro@myhost.com,7326857933,7329037434,Carolyn,Torro,squirrel10nuts@yahoo.com,7327402196,11-5 Phoenix Ct,Freehold,NJ,07728,Monmouth County,CONDO,Residential,2,1,1197,1982,,358000,2026-09-13,2,eligible,eligible,,,2148,Yes,Mon Aug 24,X,Yes
1000438380,A,rated,Lyubov,Tulaykina,tulaykina@yahoo.com,wendycaffee3@gmail.com,7187304717,6466829903,,,,,1201 Journey Ave,Marlboro,NJ,07746,Monmouth County,CONDO,Vacant Land,,,2796,2023,,887000,2026-09-13,2,eligible,eligible,,,4879,Yes,Mon Aug 24,X,Yes
48639361,A,rated,Serap,Karayaz,,,7322528912,2125191400,Bener,Karayaz,bener_karayaz@hotmail.com,9172145597,15 Atlantis Ter,Freehold,NJ,07728,Monmouth County,CONDO,Residential,3,1,1617,1985,,478000,2026-09-13,2,eligible,eligible,,,2868,Yes,Tue Aug 25,X,Yes
32925459,A,rated,Joseph,Panepinto,joseph.panepinto@covad.net,,7325986032,7328171299,Jeanne,Panepinto,,7328171299,158 Colony Ln,Manalapan,NJ,07726,Monmouth County,CONDO,Residential,3,1,1922,1990,,665000,2026-09-13,2,eligible,eligible,,,3591,Yes,Mon Aug 24,X,Yes
334782836,A,rated,Lisa,Vena,smsweetwyne@yahoo.com,gself@cox-internet.com,9086016405,7325662782,Chelsea,Vena,,7325662782,2124 Evans Ln,Middletown,NJ,07748,Monmouth County,CONDO,Residential,,,998,2022,,403000,2026-09-13,2,eligible,review,,,2015,Yes,Mon Aug 24,X,Yes
327396226,A,rated,James,Dirscherl,jjdirsch@aol.com,jjdirsch@home.com,7324390448,7327153937,Marie,Dirscherl,mom24hrs@aol.com,7326799398,28 Northcrest Dr,Tinton Falls,NJ,07724,Monmouth County,SFR,Residential,4,3,3032,2016,2016,1375000,2026-09-13,2,ineligible,eligible,,,7563,Yes,Mon Aug 24,X,Yes
336834419,A,rated,Rajesh,Mucharla,,,4083389672,,Rajesh,Bhimavarapu,rajesh.bhimavarapu@gmail.com,2016285418,306 Pilot St,Marlboro,NJ,07746,Monmouth County,CONDO,Residential,3,4,2179,2023,,734000,2026-09-13,2,eligible,eligible,,,3670,Yes,Tue Aug 25,X,Yes
187786931,A,rated,David,Lefkowitz,dmlefkowitz@gmail.com,davey51@optonline.net,9082167760,7322366139,Donna,Lefkowitz,lefkowi@yahoo.com,7323646139,31 Comtois Rd,Manalapan,NJ,07726,Monmouth County,SFR,Residential,2,1,1732,2014,2014,748000,2026-09-13,2,eligible,eligible,,,3740,Yes,Mon Aug 24,X,Yes
21386352,A,rated,Veeramani,Ganesan,gveeramani@gmail.com,g.veeramani@gmail.com,2146971954,,Kiruthika,Nallasamy,adhithiganesan08@gmail.com,9255495378,43 Pension Rd,Manalapan,NJ,07726,Monmouth County,CONDO,Residential,3,2,1706,2003,,633000,2026-09-13,2,review,eligible,,,3418,Yes,Mon Aug 24,X,Yes
199915376,A,rated,Lisaann,Laconte,lalesq1213@aol.com,niicklaaconte145@aol.com,7329472927,5626072672,Nicholas,Laconte,harryhenningsen@charter.net,6098121993,62 Winged Foot Ct,Howell,NJ,07731,Monmouth County,CONDO,Residential,2,1,1854,2000,,507000,2026-09-13,2,eligible,review,,,2738,Yes,Mon Aug 24,X,Yes
336789084,A,rated,Omar,Mostafa,omostafa@live.com,omar@ab-collision.com,9178806222,2019523415,Shahla,Mostafa,sheila-m1@live.com,7325910107,806 Aviator Ave,Marlboro,NJ,07746,Monmouth County,CONDO,Vacant Land,,,2796,2023,,883000,2026-09-13,2,eligible,eligible,,,4857,Yes,Mon Aug 24,X,Yes
190414289,A,rated,George,Semaan,,,6107166352,6103449762,Shereen,Haddad,semaanpaul@yahoo.com,2673343601,9 Lasatta Ave,Englishtown,NJ,07726,Monmouth County,SFR,Residential,4,1,1853,2015,,685000,2026-09-13,2,eligible,eligible,,,3425,Yes,Tue Aug 25,X,Yes
28973873,A,rated,Joshua,Nocks,joshuanocks@gmail.com,joshnocks@gmail.com,7329472209,5105019851,Mark,Nocks,dtnocks@gmail.com,7322327971,919 State Route 33,Freehold,NJ,07728,Monmouth County,CONDO,Residential,,,960,1990,,329000,2026-09-13,2,eligible,ineligible,,,1990,Yes,Mon Aug 24,X,No
203691957,A,rated,Patricia,Walsh,,,9086920949,7325391126,Ellen,Wells,syndrome@sbcglobal.net,5169928528,11 Lynne Ct,Howell,NJ,07731,Monmouth County,CONDO,Residential,3,1,1320,1987,,489000,2026-09-14,2,eligible,ineligible,,,2957,Yes,Tue Aug 25,X,No
333260626,A,rated,Ganesh,Chakka,kgch83@gmail.com,,7323095107,,Sirisha,Chakka,leena_5885@yahoo.com,6823147797,304 Tulip Ct,Marlboro,NJ,07746,Monmouth County,SFR,Residential,4,3,3023,2022,2022,958000,2026-09-14,2,eligible,review,,,5269,Yes,Mon Aug 24,X,Yes
196996275,A,rated,Stephanie,Diehl,therealdiehls@verizon.net,stephanie.amendola@bellsouth.net,2017418998,9402355759,Richard,Diehl,,2017418998,37 Village Green Way,Hazlet,NJ,07730,Monmouth County,CONDO,Residential,2,1,1080,1981,,351000,2026-09-14,2,eligible,eligible,,,2106,Yes,Mon Aug 24,X,Yes
188437959,A,rated,Caroline,Cestero,ccestero1@aol.com,,7325137390,7323065648,Richard,Cestero,etwjacobi2@yahoo.com,7324311850,38 Harbor Cir,Freehold,NJ,07728,Monmouth County,CONDO,Residential,3,1,1761,1985,,483000,2026-09-14,2,eligible,ineligible,,,2898,Yes,Mon Aug 24,X,Yes
190526073,A,rated,Travis,Hunt,goodwitch63@hotmail.com,travishunt@bellsouth.net,7576455862,7575675596,Annabelle,Seippel,sarahsbeara@aol.com,7574242999,52 Bristol Rd,Manalapan,NJ,07726,Monmouth County,SFR,Residential,4,1,2803,2012,2012,1027000,2026-09-14,2,review,eligible,,,5649,Yes,Mon Aug 24,X,Yes
336726816,A,rated,Manish,Balyan,mbalyan@gmail.com,manish_balyan@hotmail.com,6095161373,8562618404,Pranay,Balyan,sbalyan@yahoo.com,6092986218,53 Augustus Dr,Middletown,NJ,07748,Monmouth County,CONDO,Residential,,,2949,2022,,940000,2026-09-14,2,eligible,ineligible,,,5170,Yes,Mon Aug 24,X,Yes
25599167,A,rated,Jozef,Koeiman,buttacupkoeiman@yahoo.com,,7324847318,6092293542,Lori,Koeiman,buttacupkoeiman@yahoo.com,7324847318,76 Heron Ct,Manalapan,NJ,07726,Monmouth County,CONDO,Residential,2,1,968,2000,,259000,2026-09-14,2,ineligible,eligible,,,1399,Yes,Mon Aug 24,X,Yes
25851115,A,rated,Michelangelo,Schiano,,,7327391202,8508352000,Anne,Volpe,volps84@aol.com,7327873027,101 Village Green Way,Hazlet,NJ,07730,Monmouth County,CONDO,Residential,2,1,1080,1981,,349000,2026-09-15,2,eligible,ineligible,,,2094,Yes,Tue Aug 25,X,Yes
251526489,A,rated,Alan,Demo,ademo@gmail.com,v0ademo@yahoo.com,3308436678,3302562210,Sohini,Sarkar,agnesdemo@msn.com,3307571894,16 Winding Woods Way,Freehold,NJ,07728,Monmouth County,SFR,Residential,5,2,4756,2007,2007,1515000,2026-09-15,2,eligible,eligible,,,9635,Yes,Mon Aug 24,X,Yes
37653394,A,rated,Kim,Price,kimp3318@gmail.com,shaunie16@hotmail.com,7322330114,7322336071,Jeffrey,Price,,7323238951,26 Aspen Ln,Tinton Falls,NJ,07724,Monmouth County,CONDO,Residential,3,2,3323,2010,,1256000,2026-09-15,2,eligible,eligible,,,6908,Yes,Mon Aug 24,X,Yes
32551974,A,rated,Daniel,Chavez,daniel.chavez@att.net,,6462285229,7188224864,Ariel,Chavez,,7185857825,3 Pine Tree Ter,Holmdel,NJ,07733,Monmouth County,CONDO,Residential,3,3,2009,2001,,669000,2026-09-15,2,eligible,eligible,,,3613,Yes,Mon Aug 24,X,Yes
700087629948,A,rated,Jason,Alloy,alloy@cox-internet.com,alloy@netzero.net,2017254140,2013720280,,,,,35-F Manchester Ct,Freehold,NJ,07728,Monmouth County,CONDO,Townhouse/Condo,1,1,712,1970,,236000,2026-09-15,2,eligible,eligible,,,1274,Yes,Mon Aug 24,X,Yes
48423671,A,rated,Alfredo,Chico,bassplyr822@yahoo.com,alfredoc2558@epix.net,7325003609,7326936440,Zoraida,Chico,zoraidachico@aol.com,7329579357,414 Middlewood Rd,Middletown,NJ,07748,Monmouth County,CONDO,Residential,2,2,1510,1979,,474000,2026-09-15,2,eligible,eligible,,,2844,Yes,Mon Aug 24,X,Yes
253061092,A,rated,Edward,Rappaport,chadcr250r@aol.com,rappaport@cox.net,7322390041,7326747913,Cynthia,Rappaport,cynthiarappaport@gmail.com,4805756708,49 Sunset Dr,Tinton Falls,NJ,07724,Monmouth County,SFR,Residential,2,1,1989,2017,2017,1164900,2026-09-15,2,ineligible,eligible,,,5825,Yes,Mon Aug 24,X,Yes
4818412,A,rated,Maneezhah,Malik,maneezhah@gmail.com,tmaneezhahg66@gmail.com,3476541175,6467071436,Aina,Sohail,ezahidmalik324@whipmail.com,3475309618,78 Kingsley Way,Freehold,NJ,07728,Monmouth County,CONDO,Residential,3,2,1442,1969,,436000,2026-09-15,2,eligible,eligible,,,2616,Yes,Mon Aug 24,X,Yes
2496477,A,rated,Nicholas,Salerno,,,7325588072,9043479690,Nicolette,Morales,jercity@aol.com,7322643928,8 Tracey Ct,Howell,NJ,07731,Monmouth County,CONDO,Residential,3,1,1200,1987,,480000,2026-09-15,2,eligible,eligible,,,2592,Yes,Tue Aug 25,X,Yes
41227192,A,rated,Melissa,Godwin,bensmom2325@yahoo.com,,9086757058,7325344052,Jeffrey,Godwin,,9086757058,1 Alec Dr,Howell,NJ,07731,Monmouth County,CONDO,Residential,2,1,1200,1988,,367000,2026-09-16,2,eligible,eligible,,,1982,Yes,Mon Aug 24,X,Yes
251518411,A,rated,Michael,Makowski,mikemak17@gmail.com,michaelmakowski@att.net,7328032990,2012305317,Nicole,Powell,lilmako6@aol.com,2018040744,1 Great Bridge Rd,Freehold,NJ,07728,Monmouth County,SFR,Residential,5,2,4342,2006,2006,1295000,2026-09-16,2,eligible,eligible,,,8236,Yes,Mon Aug 24,X,Yes
48517241,A,rated,Darren,Lee,klee@signatureny.com,kingrustamann@aol.com,9177747768,7184501969,Sarah,Mendez,sitaca621@aol.com,7329706844,103 Cranbrook Ct,Holmdel,NJ,07733,Monmouth County,CONDO,Residential,3,3,1360,2001,,501000,2026-09-16,2,eligible,eligible,,,2705,Yes,Mon Aug 24,X,Yes
324340960,A,rated,Walter,Pehowich,deelobstein1@aol.com,pehowichhwalter@yahoo.com,9176915106,7189845383,Frances,Pehowich,waltervpehowich@gmail.com,7189845383,20 Palomino Dr,Manalapan,NJ,07726,Monmouth County,SFR,Residential,3,2,2702,2007,2007,887000,2026-09-16,2,eligible,eligible,,,5171,Yes,Mon Aug 24,X,Yes
2994466,A,rated,Jonathan,Malke,jon.malke@hotmail.com,malkejon@ymail.com,7326147620,7324934604,Jose,Malke,,9085440890,210 Ashwood Ct,Howell,NJ,07731,Monmouth County,CONDO,Residential,3,1,1576,1986,,505000,2026-09-16,2,eligible,eligible,,,2727,Yes,Mon Aug 24,X,Yes
48635111,A,rated,Dmitry,Feldberg,,,3474201106,3479276572,Marina,Feldberg,mvlasiuk@gmail.com,7184965214,215 Pebble Beach Ct,Holmdel,NJ,07733,Monmouth County,CONDO,Residential,3,4,1985,1995,,932000,2026-09-16,2,eligible,ineligible,,,5033,Yes,Tue Aug 25,X,Yes
1000438678,A,rated,Alison,Corcoran,acorcoran1069@gmail.com,alisoncorcoran@aol.com,8028788032,7326710318,Violet,Corcoran,benmcorcoran@hotmail.com,8029991981,25 Linder Ct,Middletown,NJ,07748,Monmouth County,CONDO,Residential,,,2924,2023,,944000,2026-09-16,2,eligible,ineligible,,,5192,Yes,Mon Aug 24,X,Yes
700089207770,A,rated,Gregg,Fleischman,greggfly@aol.com,greggfleischman@gmail.com,9176930757,2129304006,Angela,Dimino,angdimino@yahoo.com,9178168655,29-2 Copley Ct,Freehold,NJ,07728,Monmouth County,CONDO,Townhouse/Condo,3,1,1457,1989,,447000,2026-09-16,2,eligible,eligible,,,2414,Yes,Mon Aug 24,X,Yes
322567647,A,rated,Mark,Lauria,mark.lauria@msn.com,vlauria@netzero.net,9175963023,6462207707,Laura,Lauria,ldl2043@aol.com,7329743486,43 Jansky Dr,Holmdel,NJ,07733,Monmouth County,CONDO,Residential,,,3256,2018,,1474000,2026-09-16,2,eligible,ineligible,,,9080,Yes,Mon Aug 24,X,No
251517252,A,rated,Raymond,Jensen,rayj1006@msn.com,bpopedaddy@yahoo.com,5163135408,5166419410,Tina,Jensen,kevinzelaya12000@gmail.com,5163135408,54 Whirlaway Rd,Manalapan,NJ,07726,Monmouth County,SFR,Residential,2,1,1907,2006,2006,752000,2026-09-16,2,eligible,eligible,,,3760,Yes,Mon Aug 24,X,Yes
147373467,A,rated,Anthony J,Vitale,avitale1@sbcglobal.net,electrofink@yahoo.com,7325390684,7326171851,Anthony,Vitale,elativ@aol.com,7325365697,77 Drew Ct,Manalapan,NJ,07726,Monmouth County,CONDO,Residential,3,3,1993,1997,,560000,2026-09-16,2,eligible,ineligible,,,3024,Yes,Mon Aug 24,X,Yes
141118755,A,rated,Alexandra,Wilson,aawilson411@gmail.com,aaw411@optonline.net,7325804826,7325390423,Jonathan,Fernandez,bjw0493@optonline.net,7324311907,79 Picket Pl,Freehold,NJ,07728,Monmouth County,CONDO,Residential,2,1,1468,1995,,520000,2026-09-16,2,review,ineligible,,,3145,Yes,Mon Aug 24,X,No
324339591,A,rated,Gaffar,Syed,gaffar.syed@gmail.com,gaffarsyed@gmail.com,9737133428,3477423945,Zareen,Syed,zareentaj@gmail.com,3477423945,9 Genek Ct,Freehold,NJ,07728,Monmouth County,SFR,Residential,4,3,6141,2006,2006,1634000,2026-09-16,2,review,eligible,,,10392,Yes,Mon Aug 24,X,Yes
32369166,A,rated,Stephen,Culver,ssculver@me.com,ssculver@verizon.net,7322453655,7327181730,Silvia,Culver,,7327784292,1 Hazelwood Ter,Tinton Falls,NJ,07724,Monmouth County,CONDO,Residential,3,2,2818,2006,,1133000,2026-09-17,2,review,eligible,,,6232,Yes,Mon Aug 24,X,Yes
1000438342,A,rated,Michael,De Vito,,,2014391599,,Morgan,Schlein,dale.devito@gmail.com,2013496524,105 Pilot St,Marlboro,NJ,07746,Monmouth County,CONDO,Residential,3,4,2167,2023,,734000,2026-09-17,2,eligible,eligible,,,3670,Yes,Tue Aug 25,X,Yes
200678691,A,rated,Sherry,Wang,,,7323976592,7325725684,Mark,Wang,mark.wang@hotmail.com,7325725684,167 Scarborough Way,Marlboro,NJ,07746,Monmouth County,SFR,Residential,2,1,1906,2015,2015,698000,2026-09-17,2,eligible,eligible,,,3490,Yes,Tue Aug 25,X,Yes
1000438344,A,rated,Arun,Pottammal,arunpottammal@gmail.com,,7329601182,,Anilkumar,Pottammal,anilchandran@hotmail.com,7329865973,203 Pilot St,Marlboro,NJ,07746,Monmouth County,CONDO,Residential,,,2167,2023,,761000,2026-09-17,2,eligible,eligible,,,3805,Yes,Mon Aug 24,X,Yes
251526652,A,rated,Michelle,Ortiz,mams416@yahoo.com,katvermilion@gmail.com,7182904948,7184909709,Shermane,Delgado,walter.melnyk@gmail.com,9175830784,22 Bristol Rd,Manalapan,NJ,07726,Monmouth County,SFR,Residential,5,1,3460,2006,2006,1202000,2026-09-17,2,eligible,review,,,6611,Yes,Mon Aug 24,X,Yes
53411203,A,rated,Isabel,Timpone,iroman2@aol.com,iroman828@hotmail.com,7189860187,7186216911,Michael,Giannace,aczapp@yahoo.com,7325912252,372 Oak Knoll Dr,Manalapan,NJ,07726,Monmouth County,CONDO,Residential,1,3,1574,1993,,571000,2026-09-17,2,eligible,ineligible,,,3453,Yes,Mon Aug 24,X,No
199156430,A,rated,Donna,Panzera,panzeradonna@yahoo.com,acnursemomof2@yahoo.com,7025385799,7025692292,Robert,Hand,roberthand1961@gmail.com,6093470695,41c Piazza San Paolo,Freehold,NJ,07728,Monmouth County,CONDO,Residential,1,1,1008,1967,,396000,2026-09-17,2,eligible,ineligible,,,2661,Yes,Mon Aug 24,X,No
48543502,A,rated,Melissa,Ramos,melissar1pass@aol.com,melissaramos0167@gmail.com,3473318001,6092485698,Rafael,Navarro,melissar1pass@aol.com,6467251756,486 Saint Andrews Pl,Manalapan,NJ,07726,Monmouth County,CONDO,Residential,2,1,1017,2000,,265000,2026-09-17,2,eligible,eligible,,,1431,Yes,Mon Aug 24,X,Yes
23495377,A,rated,Joseph,Vaccaro,jillianmyra@gmail.com,joseph_vaccaro@aol.com,9173739723,5169323376,Aline,Vaccaro,ria923@msn.com,7183739723,49 Scarborough Ct Unit 3,Freehold,NJ,07728,Monmouth County,CONDO,Residential,2,2,1360,1987,,457000,2026-09-17,2,eligible,ineligible,,,2764,Yes,Mon Aug 24,X,No
251520191,A,rated,Ankur,Gupta,,,,,Priyanka,Gupta,akshay_gupta@hotmail.com,9086167552,57 Inwood Dr,Manalapan,NJ,07726,Monmouth County,CONDO,Residential,3,1,1853,2008,,690000,2026-09-17,2,eligible,ineligible,,,3450,Yes,Tue Aug 25,X,Yes
37406157,A,rated,Diane,Sanders,diana@sanders.org,dianasanderz@yahoo.com,7325708419,9083671874,Robin,Sanders,,7329616387,171 Tulip Ln,Freehold,NJ,07728,Monmouth County,CONDO,Residential,2,2,1138,1986,,419400,2026-09-18,2,eligible,ineligible,,,2265,Yes,Mon Aug 24,X,Yes
194137385,A,rated,Rachel,Marinaccio,raenyc1@aol.com,kitty2city@yahoo.com,7322415595,7326737856,Raymond,Buontempo,fmarinaccio@gmail.com,7186457440,351 Middlewood Rd,Middletown,NJ,07748,Monmouth County,CONDO,Residential,3,3,1674,1979,,518000,2026-09-18,2,eligible,ineligible,,,3108,Yes,Mon Aug 24,X,Yes
336769187,A,rated,Edward,Blair,edward.blair@roche.com,edwardblair@aol.com,2019250816,7326824819,Maureen,Blair,,9733892970,45 Augustus Dr,Middletown,NJ,07748,Monmouth County,CONDO,Residential,,,2836,2023,,927000,2026-09-18,2,eligible,ineligible,,,5099,Yes,Mon Aug 24,X,Yes
700087851318,A,rated,Adam,Imberman,drummer66@msn.com,penguinsfan1991@aol.com,7326826750,7325012542,Zoie,Imberman,mimberman@gmail.com,7329951902,10-3 Stuart Dr,Freehold,NJ,07728,Monmouth County,CONDO,Townhouse/Condo,3,2,1466,1989,,444000,2026-09-19,2,eligible,eligible,,,2398,Yes,Mon Aug 24,X,Yes
183605076,A,rated,Nivardo,Esponda,terig446@aol.com,evelynmichele@aol.com,7326425174,7326424072,Teri,Esponda,terig446@aol.com,7327926482,101 Arrowood Rd Unit E,Manalapan,NJ,07726,Monmouth County,CONDO,Residential,2,2,1143,1980,,386000,2026-09-19,2,eligible,eligible,,,2316,Yes,Mon Aug 24,X,Yes
1000438673,A,rated,Domenick,Branciforte,opengdgbd@hotmail.com,domenickbranciforte@hotmail.com,7046500144,9802072529,Debra,Branciforte,debrabranciforte@msn.com,7046500144,15 Linder Ct,Middletown,NJ,07748,Monmouth County,CONDO,Residential,3,2,3172,2023,,992400,2026-09-19,2,eligible,ineligible,,,5458,Yes,Mon Aug 24,X,Yes
50387814,A,rated,James,Miranda,,,,,Matthew,Mateluna,biancagmiranda2@gmail.com,9086701985,161 Pinetree Ct,Howell,NJ,07731,Monmouth County,CONDO,Residential,2,2,1044,1986,,319000,2026-09-19,2,eligible,ineligible,,,1929,Yes,Tue Aug 25,X,No
37912942,A,rated,Christopher,Nicholl,,,7327577758,7328906681,Jacqueline,Nicholl,ja.nicholl@comcast.net,7327392435,164 Village Green Way,Hazlet,NJ,07730,Monmouth County,CONDO,Residential,2,1,1080,1985,,354000,2026-09-19,2,eligible,eligible,,,2124,Yes,Tue Aug 25,X,Yes
48707664,A,rated,Giuseppe,Ferrara,cfer61@yahoo.com,zepp9010@yahoo.com,6093516998,6093878945,Carmine,Ferrara,cfer61@yahoo.com,6093874024,167 Tulip Ln,Freehold,NJ,07728,Monmouth County,CONDO,Residential,2,2,1319,1986,,419000,2026-09-19,2,eligible,eligible,,,2263,Yes,Mon Aug 24,X,Yes
700087509897,A,rated,Ann,Adams,chorse10@yahoo.com,rona2673@bellsouth.net,7742174299,5084299223,Ronald,Adams,chorse10@gmail.com,5089445166,19 Ashlynn Ct,Manalapan,NJ,07726,Monmouth County,SFR,Residential,3,3,2922,2024,2024,1107000,2026-09-19,2,eligible,eligible,,,6089,Yes,Mon Aug 24,X,Yes
50483624,A,rated,Christopher,Griffin,grifcw9@gmail.com,,9082781556,9086141220,Jacqueline,Griffin,grifcw9@gmail.com,7328045014,23 Picket Pl,Freehold,NJ,07728,Monmouth County,CONDO,Residential,3,1,1468,1996,,492300,2026-09-19,2,eligible,eligible,,,2818,Yes,Mon Aug 24,X,Yes
51451116,A,rated,Sulabha,Savant,ssavant@acxius.com,,7329773891,7322537210,Biswa,Bhattacharya,sulabha_s@hotmail.com,7329773890,25 Skylark Ct,Marlboro,NJ,07746,Monmouth County,CONDO,Residential,3,2,1792,1998,,663000,2026-09-19,2,eligible,eligible,,,3580,Yes,Mon Aug 24,X,Yes
147596465,A,rated,Jillian,Heun,,,7325395453,,Nicholas,Smith,heungirls@earthlink.com,7324560545,2708 Metedeconk,Freehold,NJ,07728,Monmouth County,CONDO,Residential,2,1,1432,2003,,493000,2026-09-19,2,eligible,eligible,,,2822,Yes,Tue Aug 25,X,Yes
15022598,A,rated,Charles,Catania,ilpinupunk@yahoo.com,charlescatania@me.com,7328220722,7325334440,Frank,Catania,lvnfntsy112@aol.com,7325005631,367 Sequoia Ct,Howell,NJ,07731,Monmouth County,CONDO,Residential,2,2,1044,1986,,301100,2026-09-19,2,eligible,review,,,1626,Yes,Mon Aug 24,X,Yes
700158179960,A,rated,Paul,Damato,,,7322996109,7326889390,Annmarie,Demato,cfa65@hotmail.com,7184234036,49 Crimson Dr,Manalapan,NJ,07726,Monmouth County,CONDO,Townhouse/Condo,,,,2024,,674000,2026-09-19,2,eligible,ineligible,,,3774,Yes,Tue Aug 25,X,No
42465450,A,rated,Rosemarie,Paolino,rskonieczny@earthlink.net,,6469191065,6096510721,Nicole,Paolino,verlander19@gmail.com,7186195630,553 Clubhouse Dr,Middletown,NJ,07748,Monmouth County,CONDO,Residential,2,2,1510,1979,,524000,2026-09-19,2,eligible,review,,,3144,Yes,Mon Aug 24,X,Yes
189931106,A,rated,Katherine,Puzyr,kpuzyr@yahoo.com,freeman.latrece@gmail.com,7325474602,6153563503,Larisa,Puzyr,apuzyr@hotmail.com,9083134645,6 Claridge Ct Unit 5,Freehold,NJ,07728,Monmouth County,CONDO,Residential,3,2,1640,1987,,457000,2026-09-19,2,eligible,ineligible,,,2764,Yes,Mon Aug 24,X,No
187201813,A,new,Deval,Patel,sunnysmart22200@gmail.com,sunnysmart22200@yahoo.co.in,7325436886,7325435429,Devdutt,Patel,don_topa@yahoo.com,4787879746,1326 Waterford Dr,Edison,NJ,08817,Middlesex County,CONDO,Residential,2,2,1034,1996,,422000,2026-10-02,2,eligible,ineligible,,,2552,Yes,Mon Aug 24,X,No
336848662,A,rated,Jessica,Cherepski,jgmui@hotmail.com,jmui@hotmail.com,9175664036,9179223745,Alvin,Mui,muialvin@gmail.com,6465302515,39 Augustus Dr,Middletown,NJ,07748,Monmouth County,CONDO,Residential,,,3172,2023,,1034000,2026-10-05,2,eligible,eligible,,,5687,Yes,Mon Aug 24,X,Yes
42414495,A,rated,Asiya,Levitsky,,,3473946769,,Jerry,Levitsky,seaisland02@yahoo.com,9177437708,54 Queens Way,Englishtown,NJ,07726,Monmouth County,CONDO,Residential,3,2,1394,1988,,396000,2026-10-05,2,eligible,eligible,,,2138,Yes,Tue Aug 25,X,Yes
142451870,A,rated,Kuang,Lin,kyranka@yahoo.com,kuang.lin@att.net,9173858263,9172821259,Kuang J,Lin,kuang.lin@worldnet.att.net,7183808299,73 Overlook Way Unit D,Manalapan,NJ,07726,Monmouth County,CONDO,Residential,2,1,1158,1974,,346500,2026-10-05,2,eligible,eligible,,,2079,Yes,Mon Aug 24,X,Yes
1000438627,A,rated,Anand,Shah,ashah325@gmail.com,kamsm21@nj.rr.com,6099291391,6094772486,Nikhita,Prasanna,dshah@onebox.com,2488679519,15 Waller Dr,Middletown,NJ,07748,Monmouth County,CONDO,Residential,,,,,,1047000,2026-10-06,2,eligible,ineligible,,,5863,Yes,Mon Aug 24,X,No
197075069,A,rated,Thomas,Moss,thomas.moss@worldnet.att.net,thomas.moss@att.net,7325864773,7328903495,Gabrielle,Leng,gerimoss@optonline.net,9082162909,2107 Wagon Wheel Ct,Freehold,NJ,07728,Monmouth County,CONDO,Residential,3,1,1718,1994,,535000,2026-10-06,2,eligible,eligible,,,2889,Yes,Mon Aug 24,X,Yes
142202199,A,rated,Joanne,Seigel,hooked1on@aol.com,joseigel@aol.com,7027559907,9088128921,David,Seigel,joseigel@aol.com,7323233906,51b Piazza Tasso,Freehold,NJ,07728,Monmouth County,CONDO,Residential,2,1,1008,1967,,310000,2026-10-06,2,eligible,eligible,,,1860,Yes,Mon Aug 24,X,Yes
1000438606,A,rated,Elizabeth,Zaravelis,prpl280@aol.com,cheriecolquett@aol.com,7327634853,7322478682,Ari,Zaravelis,,9144627577,64 Edmund Way,Middletown,NJ,07748,Monmouth County,CONDO,Residential,,,,,,1150000,2026-10-06,2,eligible,ineligible,,,6440,Yes,Mon Aug 24,X,No
1000438604,A,rated,Michael,Scotto,mscotto3@si.rr.com,michaels3868@msn.com,5613024766,5612799374,Micheal,Scotto,michaels3868@msn.com,7184941947,68 Edmund Way,Middletown,NJ,07748,Monmouth County,CONDO,Residential,,,,,,1125000,2026-10-06,2,eligible,ineligible,,,6300,Yes,Mon Aug 24,X,No
1000438602,A,rated,Samantha,Solondz,samsolondz@gmail.com,s.solondz33@gmail.com,9087702071,7322084655,Ashley,Tanner,ashiam1@aol.com,7328661860,72 Edmund Way,Middletown,NJ,07748,Monmouth County,CONDO,Residential,,,,,,1048000,2026-10-06,2,eligible,ineligible,,,5869,Yes,Mon Aug 24,X,No
1000438593,A,rated,Trisha,Mcnamara,trisha1216@comcast.net,,6099470263,6097098638,John,Mcnamara,,,83 Augustus Dr,Middletown,NJ,07748,Monmouth County,CONDO,Residential,,,,,,1095000,2026-10-06,2,eligible,ineligible,,,6132,Yes,Thu Aug 20,X,No
26540409,A,rated,Shaimaa,Shafie,shaimaashafie@gmail.com,shaimaa_shafie@yahoo.com,6466560614,,,,,,93 Banyan Blvd,Holmdel,NJ,07733,Monmouth County,CONDO,Residential,3,3,2145,2000,,761000,2026-10-06,2,eligible,eligible,,,4109,Yes,Mon Aug 24,X,Yes
1000438620,A,rated,Rodney,Silva,rod.musclemakergrill@yahoo.com,rodneysilva@gmail.com,7322618500,9549189188,Reynold,Silva,tcavico613@aol.com,7327184515,1 Waller Dr,Middletown,NJ,07748,Monmouth County,CONDO,Residential,,,,,,1005000,2026-10-07,2,eligible,ineligible,,,5628,Yes,Mon Aug 24,X,No
201165959,A,rated,Eleanor,Provenzano,friedrich.dana@gmail.com,ellepro1@optonline.net,7325470755,7327620235,Dana,Friedrich,friedrichdana@gmail.com,7327620235,106 Wood Duck Ct,Freehold,NJ,07728,Monmouth County,CONDO,Residential,3,1,1886,1995,,513000,2026-10-07,2,eligible,ineligible,,,3103,Yes,Mon Aug 24,X,No
197686734,A,rated,John,Cagney,ladd29@aol.com,cagneyhas@aol.com,2015438043,5514972699,Sheila,Colasurdo,cags26@hotmail.com,6097703614,135 Sunnymede St,Englishtown,NJ,07726,Monmouth County,CONDO,Residential,1,2,1303,1988,,413000,2026-10-07,2,eligible,eligible,,,2230,Yes,Mon Aug 24,X,Yes
324341032,A,rated,Qian,Wang,qwang6@yahoo.com,wangqi_auto@163.com,2484622712,7189662329,Lin,Chan,lin.chan@bright.net,3476220829,16 Pate Dr,Middletown,NJ,07748,Monmouth County,CONDO,Residential,3,2,2808,2010,,840000,2026-10-07,2,eligible,ineligible,,,4620,Yes,Mon Aug 24,X,Yes
198279807,A,rated,Joan,Springer Riccio,jojo8260@aol.com,jonnyrob@hotmail.com,7322997952,4252803864,Joan,Springer,,3522371752,184 Cross Slope Ct Unit F,Manalapan,NJ,07726,Monmouth County,CONDO,Residential,2,2,1143,1976,,373000,2026-10-07,2,eligible,eligible,,,2238,Yes,Mon Aug 24,X,Yes
3591053,A,rated,Zachery,Ryan,,,7325705906,7327230000,Daniel,Ryan,dryan8196@msn.com,7325804408,33 Hummingbird Ct,Marlboro,NJ,07746,Monmouth County,CONDO,Residential,3,1,1792,1997,,709000,2026-10-07,2,eligible,eligible,,,3829,Yes,Tue Aug 25,X,Yes
42808106,A,rated,Laura,Cangiano,svcangianop60@yahoo.com,jamiecangiano@comcast.net,7815726781,3216268414,Aidan,Cangiano,,9737700588,55 Chestnut Way,Manalapan,NJ,07726,Monmouth County,CONDO,Residential,1,3,1314,1988,,513000,2026-10-07,2,eligible,eligible,,,2770,Yes,Mon Aug 24,X,Yes
251520882,A,rated,Waqas,Ashraf,,,2158487957,5624959277,Zebunnisa,Saeed,waqas24@yahoo.com,7324246214,58 Demarest Dr,Manalapan,NJ,07726,Monmouth County,CONDO,Residential,3,1,1853,2010,,706000,2026-10-07,2,eligible,eligible,,,3530,Yes,Tue Aug 25,X,Yes
42610241,A,rated,Robert,Wadams,robertwadams@hotmail.com,rcw223@optonline.net,6093564301,6099237698,Amanda,Wadams,amandawadams@yahoo.com,9084486740,6 Bristel Rd,Holmdel,NJ,07733,Monmouth County,CONDO,Residential,3,3,1961,1993,,697000,2026-10-07,2,eligible,eligible,,,3764,Yes,Mon Aug 24,X,Yes
48636300,A,rated,Uday,Parikh,parikh19680@gmail.com,nanaterry29@aol.com,7328907359,7325477766,Simul,Parikh,parikh@msn.com,7326072850,702 Darlington Dr,Old Bridge,NJ,08857,Middlesex County,CONDO,Residential,,,1332,1987,,432000,2026-10-07,2,eligible,review,,,2333,Yes,Fri Aug 21,X,Yes
700087119545,A,rated,Allyssa,Townsend,adevoe-townsend@address.com,adevoe-townsend@aol.com,9177975317,7324896093,James,Townsend,jimjtown1@gmail.com,9177975314,75b William & Mary Square,Freehold,NJ,07728,Monmouth County,CONDO,Townhouse/Condo,2,1,1082,1967,,431400,2026-10-07,2,eligible,eligible,,,2588,Yes,Mon Aug 24,X,Yes
1000438662,A,rated,Rebecca,Handel,,,7325673087,7325222209,Matthew,Kamenitz,handel46@optonline.net,7327802360,8 Waller Dr,Middletown,NJ,07748,Monmouth County,CONDO,Residential,,,,,,892000,2026-10-07,2,eligible,ineligible,,,4995,Yes,Tue Aug 25,X,No
45472294,A,rated,Holly,Bartlett,holly9b@msn.com,holly.bartlett@excite.com,6178774424,6176800521,Emily,Bartlett,emily.bartlett123@gmail.com,6175393489,83 Parkway Dr Unit E,Freehold,NJ,07728,Monmouth County,CONDO,Residential,2,1,1082,1967,,394000,2026-10-07,2,eligible,ineligible,,,2648,Yes,Mon Aug 24,X,No
243080721,A,rated,Harley,Esposito,,,2014498794,9089377098,Gustavo,Bontempo,daisy.exposito93@gmail.com,7323165150,129 Magnolia Ln,Middletown,NJ,07748,Monmouth County,SFR,Residential,5,4,3230,2022,2022,1355000,2026-10-08,2,ineligible,eligible,,,7453,Yes,Tue Aug 25,X,Yes
1000438675,A,rated,Amanda,Cruz,amandacruzrea@gmail.com,,7329918543,9099694771,Aleida,Cruz,aleida0304@gmail.com,8627630834,19 Linder Ct,Middletown,NJ,07748,Monmouth County,CONDO,Residential,,,3176,2023,,1013000,2026-10-08,2,eligible,ineligible,,,5572,Yes,Mon Aug 24,X,Yes
1000438185,A,rated,Henry,Laryea,henry.laryea@gmail.com,h_laryea@yahoo.com,2022509629,6467735175,Benoni,Laryea,manny_laryea@yahoo.com,7033390635,34 Crimson Dr,Manalapan,NJ,07726,Monmouth County,CONDO,Vacant Land,,,,2024,,641000,2026-10-08,2,eligible,ineligible,,,3590,Yes,Mon Aug 24,X,No
143632368,A,rated,Ann,Russo,annie1862@yahoo.com,stan.russo@hotmail.com,2108546688,7329192199,Stanley,Russo,stan.russo@ses.com,7329192199,71 Harbor Cir,Freehold,NJ,07728,Monmouth County,CONDO,Residential,2,1,1190,1985,,422600,2026-10-08,2,eligible,ineligible,,,2536,Yes,Mon Aug 24,X,Yes
42376178,A,rated,Christopher,Chinni,cchinni@yahoo.com,n0cchinni@aol.com,9198687908,7329728649,Stella,Peters,chinman@worldnet.att.net,7329728649,89 Wood Duck Ct,Freehold,NJ,07728,Monmouth County,CONDO,Residential,3,1,1768,1995,,591000,2026-10-08,2,eligible,eligible,,,3191,Yes,Mon Aug 24,X,Yes
15789187,A,rated,Umair,Baig,ub1290@gmail.com,smbaig011@gmail.com,6462860551,9172501443,Nida,Khadbai,,7183496085,11 Linda Ct,South Amboy,NJ,08879,Middlesex County,CONDO,Residential,2,3,1728,2002,,557000,2026-10-09,2,eligible,ineligible,,,3008,Yes,Mon Aug 24,X,Yes
336848659,A,rated,Ramu,Pedada,ramupedada@gmail.com,,7575816994,,Neeraja,Mamidi,,6033185493,3303 Expedition St,Marlboro,NJ,07746,Monmouth County,CONDO,Residential,,,2800,2023,,894000,2026-10-09,2,eligible,eligible,,,4917,Yes,Mon Aug 24,X,Yes
145236707,A,rated,Ravi,Gogineni,gogineniravi@yahoo.com,rgogineni@yahoo.com,9082462699,9088923761,Sarah,Moyes,,,4 Veronica Ct,Manalapan,NJ,07726,Monmouth County,SFR,Residential,5,1,3508,2011,2011,1283000,2026-10-09,2,eligible,eligible,,,7057,Yes,Tue Aug 18,X,Yes
205772570,A,rated,Jessica,Mascali,jessicalmascali@gmail.com,,7327731842,7326007350,Mario,Mascali,mjm0212@gmail.com,7324587456,6 Claridge Ct Unit 4,Freehold,NJ,07728,Monmouth County,CONDO,Residential,2,2,1099,1987,,383000,2026-10-09,2,eligible,eligible,,,2068,Yes,Mon Aug 24,X,Yes
700159152304,A,rated,John,Sanseverino,jsanseverino86@gmail.com,likeevery3trustno3@gmail.com,9177411905,9176984991,August,Sanseverino,augie376496@gmail.com,7185781098,1915 Switzer Ave,Parlin,NJ,08859,Middlesex County,CONDO,Condominium,3,3,,2023,,594000,2026-10-10,2,eligible,eligible,,,2970,Yes,Mon Aug 24,X,Yes
147312105,A,rated,Kathryn,Macauley,kathydbrandtm@gmail.com,kathybrandt@att.net,7323973299,7328046048,Molly,Macauley,flbeachpatroler@gmail.com,9088396467,4 Patricia Ct,Howell,NJ,07731,Monmouth County,CONDO,Residential,2,1,1144,1987,,484000,2026-10-10,2,eligible,eligible,,,2614,Yes,Mon Aug 24,X,Yes
7397421,A,rated,Daniel,Duffy,dduffy56@hotmail.com,,5165037735,3044173249,Dannamarie,Duffy,,6315952465,1 Colonial Sq,Middletown,NJ,07748,Monmouth County,CONDO,Residential,3,3,2128,1987,,728000,2026-10-11,2,eligible,eligible,,,3931,Yes,Mon Aug 24,X,Yes
193216320,A,rated,Patricia,Bellafiore,pbellafiore@icloud.com,pbella0120@aol.com,9175366405,9172004595,Aexis,Bellasiore,liljunebabii97@aol.com,9175366405,122 Amberly Dr Unit F,Manalapan,NJ,07726,Monmouth County,CONDO,Residential,2,1,1130,1976,,278000,2026-10-11,2,eligible,eligible,,,1668,Yes,Mon Aug 24,X,Yes
152806215,A,rated,Angela,Matera,angelamatera@aol.com,,7328668513,7327923206,Angela,Matera,angelamatera@aol.com,2035583691,24 Deepwater Cir # A,Manalapan,NJ,07726,Monmouth County,CONDO,Residential,2,1,838,2006,,188000,2026-10-11,2,eligible,eligible,,,940,Yes,Mon Aug 24,X,Yes
1000438761,A,rated,Jill,Brown,jillciner@aol.com,jillianmbrown@yahoo.com,6462693433,6462693533,Matthew,Dismuke,dbrown117@live.com,3478615985,25 Augustus Dr,Middletown,NJ,07748,Monmouth County,CONDO,Residential,,,2949,2024,,1005000,2026-10-11,2,eligible,ineligible,,,5528,Yes,Mon Aug 24,X,Yes
335075957,A,rated,Glenn,Ferriere,ramsup34@aol.com,glennferriere@gmail.com,9178657507,9177547593,Maryann,Ferriere,ooqtbabeoo@aol.com,7183566836,28 Magnolia Dr,Freehold,NJ,07728,Monmouth County,SFR,Residential,2,2,1848,2023,2023,751000,2026-10-11,2,eligible,eligible,,,3755,Yes,Mon Aug 24,X,Yes
336848660,A,rated,Laxman,Pedada,,,6033185493,,Swetha,Reddy,ramupedada@gmail.com,7575816994,3304 Expedition St,Marlboro,NJ,07746,Monmouth County,CONDO,Residential,,,2800,2023,,891000,2026-10-11,2,eligible,eligible,,,4901,Yes,Tue Aug 25,X,Yes
141580255,A,rated,Ciro,Niglio,dumbo822@gmail.com,jamesniglio@gmail.com,7326758675,9086920119,Geraldine,Niglio,shaw9586@att.net,9177630947,59 Squankum Rd,Tinton Falls,NJ,07724,Monmouth County,SFR,Residential,4,1,3209,2009,,815000,2026-10-11,2,ineligible,review,,,4483,Yes,Mon Aug 24,X,Yes
199959112,A,rated,Yefim,Shvarts,tanya2778@aol.com,,7185412473,9174391704,Tatyana,Shvarts,tanya2778@aol.com,7185412472,86 Arrowood Rd Unit F,Manalapan,NJ,07726,Monmouth County,CONDO,Residential,2,2,1116,1980,,380000,2026-10-11,2,eligible,eligible,,,2280,Yes,Mon Aug 24,X,Yes
199805656,A,rated,Shannon,Murphy,shannonmurphy@comcast.net,shannon_l_murphy@yahoo.com,7322593550,7328920997,Adam,Slaninko,aslaninko@yahoo.com,9084208295,116 Mimosa Ln,Freehold,NJ,07728,Monmouth County,CONDO,Residential,2,2,1291,1994,,454000,2026-10-12,2,eligible,eligible,,,2452,Yes,Mon Aug 24,X,Yes
188061884,A,rated,Eleanor,Golembieski,cherylzg@comcast.net,autumn2475@aol.com,6099031831,8452220805,Hilda,Geller,acmd24257@comcast.net,6094488943,136 Amberly Dr Unit J,Manalapan,NJ,07726,Monmouth County,CONDO,Residential,1,1,864,1976,,222000,2026-10-12,2,eligible,eligible,,,1332,Yes,Mon Aug 24,X,Yes
336867356,A,rated,Pamela,Divino,pamrdivino@aol.com,,7326825695,7322526579,Ralph,Divino,pamrdivino@aol.com,7328325910,15 Valiant Ct,Middletown,NJ,07748,Monmouth County,CONDO,Residential,,,2924,2023,,959000,2026-10-12,2,eligible,eligible,,,5275,Yes,Mon Aug 24,X,Yes
32710420,A,rated,Madison,Curtis,,,7328325533,7326161504,Nathaniel,Young,aecurtis10@gmail.com,7327471864,24 Spring Ct,Tinton Falls,NJ,07724,Monmouth County,CONDO,Residential,2,2,1401,1988,,536000,2026-10-12,2,eligible,ineligible,,,2894,Yes,Tue Aug 25,X,Yes
700087547516,A,rated,Naum,Lazbin,nlazbin@yahoo.com,aleksandrlaz1403@aol.com,7188461403,7188464135,Olga,Lazbina,naumlazbin@yahoo.com,7188461403,26b Guesta De Gomerez,Freehold,NJ,07728,Monmouth County,CONDO,Townhouse/Condo,2,2,1248,1967,,436800,2026-10-12,2,eligible,eligible,,,2621,Yes,Mon Aug 24,X,Yes
193545258,A,rated,Ranjitsinh,Chauhan,rdchauhan9681@gmail.com,,9732342808,,Vishveshwari,Chauhan,vishveshwari.vs@gmail.com,9738943071,276 Plum Dr,Marlboro,NJ,07746,Monmouth County,CONDO,Residential,2,1,1800,1987,,555000,2026-10-12,2,eligible,eligible,,,2997,Yes,Mon Aug 24,X,Yes
24256853,A,rated,Sumalatha,Mannava,,,7329957190,2012406897,Ramana,Jampala,ramana.jampala@gmail.com,7329955929,3 Whitemarsh Dr,Manalapan,NJ,07726,Monmouth County,CONDO,Residential,3,1,1830,1997,,644000,2026-10-12,2,eligible,ineligible,,,3478,Yes,Tue Aug 25,X,Yes
23099331,A,rated,Peter,Tuerack,ptuerack@gmail.com,,7322391332,7327402950,Alyssa,Tuerack,snidget@gmail.com,7328903698,43 Kinnoll Hill Ct Unit 4,Freehold,NJ,07728,Monmouth County,CONDO,Residential,3,2,1636,1994,,502000,2026-10-12,2,eligible,review,,,2711,Yes,Mon Aug 24,X,Yes
328147958,A,rated,Yvonne,Hernandez,,,8487025714,7322485332,Rosael,Hernandez,ferrari.annette@gmail.com,9733459570,73 Grabowski Dr,Parlin,NJ,08859,Middlesex County,CONDO,Residential,,,2203,2020,,624000,2026-10-12,2,eligible,ineligible,,,3494,Yes,Tue Aug 25,X,No
335076282,A,rated,Jamie,Markowitz,jamiemarkowitz@gmail.com,,7328652433,7326101622,Marc,Markowitz,mrmwash@gmail.com,7322088057,100 Hedgerow Ln,Manalapan,NJ,07726,Monmouth County,CONDO,Residential,3,3,2249,2021,,1001000,2026-10-13,2,eligible,eligible,,,5005,Yes,Mon Aug 24,X,Yes
251521161,A,rated,Alpesh,Patel,alpatel126@yahoo.com,alpesh.patel@att.net,7324104880,7326871197,Bhavika,Patel,bhavika5@live.com,7325365256,11 Citation Ln,Manalapan,NJ,07726,Monmouth County,SFR,Residential,3,1,2604,2007,2007,982000,2026-10-13,2,eligible,review,,,5401,Yes,Mon Aug 24,X,Yes
194546410,A,rated,William,Wilensky,williamwilensky@gmail.com,wwilensky@yahoo.com,7325474657,7322948649,Barbara,Wilensky,cleanernut@aol.com,7322948649,1407 Wagon Wheel Ct,Freehold,NJ,07728,Monmouth County,CONDO,Residential,3,2,1410,1993,,499000,2026-10-13,2,eligible,eligible,,,2695,Yes,Mon Aug 24,X,Yes
196312354,A,rated,Sarat,Venkata,vithal@gmail.com,xvithal.kuchibatlat88@yahoo.com,6107391284,2018053700,Sahana,Boddapati,,,151 Pinebrook Rd,Manalapan,NJ,07726,Monmouth County,SFR,Vacant Land,5,4,3562,2023,2023,1241000,2026-10-13,2,eligible,eligible,,,6826,Yes,Mon Aug 24,X,Yes
700089160209,A,rated,John,Cifelli,,,6099476097,,Dina,Cifelli,dcelitetrainingllc@gmail.com,6099476134,25-12 Wyeth Dr,Freehold,NJ,07728,Monmouth County,CONDO,Townhouse/Condo,3,2,1649,1989,,457500,2026-10-13,2,eligible,eligible,,,2471,Yes,Tue Aug 25,X,Yes
147595998,A,rated,Dolores,Cannizzo,deessal3@verizon.net,dcannizzo@comcast.net,6465153514,7325998482,Salvatore,Cannizzo,scannizzo@email.msn.com,7189870878,27 Rambling Meadow Ct,Tinton Falls,NJ,07724,Monmouth County,CONDO,Residential,2,1,1401,1988,,570000,2026-10-13,2,eligible,eligible,,,3078,Yes,Mon Aug 24,X,Yes
336985523,A,rated,Jorel,Antonio,janizantonio923@gmail.com,janizantonio@yahoo.com,7322218238,7322661698,Janiz,Bermudo,janizantonio923@gmail.com,9083807695,41 Augustus Dr,Middletown,NJ,07748,Monmouth County,CONDO,Residential,,,2908,2023,,947000,2026-10-13,2,eligible,ineligible,,,5209,Yes,Mon Aug 24,X,Yes
45358883,A,rated,Margaret,Posten,margaret.posten@bigfoot.com,mposten@excite.com,7329773086,7329955691,Lauren,Posten,badboy225588@aol.com,7323702683,44 Atlantis Ter,Freehold,NJ,07728,Monmouth County,CONDO,Residential,2,2,1198,1985,,464300,2026-10-13,2,eligible,eligible,,,2786,Yes,Mon Aug 24,X,Yes
336848663,A,rated,Samuel,Tynan,samson8004@aol.com,sam.tynan@gmail.com,2017474673,2017477467,Lauren,Tynan,ilenegrl@aol.com,2017475104,44 Augustus Dr,Middletown,NJ,07748,Monmouth County,CONDO,Residential,,,2949,2023,,1004000,2026-10-13,2,eligible,ineligible,,,5522,Yes,Mon Aug 24,X,Yes
54076706,A,rated,Frank,Mustacchio,lucyavf@aol.com,,6465223756,7186980246,Lucy,Mustacchio,lucyavf@aol.com,7186980246,71 Patrick Henry Sq Unit A,Freehold,NJ,07728,Monmouth County,CONDO,Residential,2,1,1144,1967,,366000,2026-10-13,2,eligible,eligible,,,2196,Yes,Mon Aug 24,X,Yes
10940967,A,rated,Erica,Mcmanaman,emcman427@gmail.com,crashbern27@msn.com,9178818226,9143571988,Paul,Mcmanaman,pauliemcm@yahoo.com,7325661776,13 Decoy Ln,Freehold,NJ,07728,Monmouth County,CONDO,Residential,3,1,1720,1996,,580000,2026-10-14,2,eligible,eligible,,,3132,Yes,Mon Aug 24,X,Yes
42473961,A,rated,David,Post,postd@optonline.net,brosis@gmail.com,7329157167,7325011697,Jessica,Post,postd@optonline.net,7323039295,146 Rumford Way,Manalapan,NJ,07726,Monmouth County,CONDO,Residential,2,1,1676,1990,,569000,2026-10-14,2,eligible,eligible,,,3073,Yes,Mon Aug 24,X,Yes
24388330,A,rated,Lisa,Del Gaudio,,,9085809784,7325575525,Diana,Del Gaudio,mdel368@verizon.net,9086252992,1703 Buckingham Cir,Middletown,NJ,07748,Monmouth County,CONDO,Residential,2,1,1493,1982,,473000,2026-10-14,2,review,ineligible,,,2838,Yes,Tue Aug 25,X,Yes
48603875,A,rated,Nicholas,Panariello,panariellone@gmail.com,,7322767695,7187610395,Kaitlyn,Janus,jamielee89@live.com,3057789441,21 Seabreeze Sq,Freehold,NJ,07728,Monmouth County,CONDO,Residential,3,2,1617,1985,,494000,2026-10-14,2,eligible,eligible,,,2964,Yes,Mon Aug 24,X,Yes
149971083,A,rated,Richard,Lundberg,,,7182787427,7182787460,Pauline,Lundberg,paulinelundberg@gmail.com,7182787427,235 Medford Ct Unit C,Manalapan,NJ,07726,Monmouth County,CONDO,Residential,2,2,1143,1980,,346100,2026-10-14,2,eligible,eligible,,,2077,Yes,Tue Aug 25,X,Yes
1000438623,A,rated,Edouard,Goubert,goubertpierre@gmail.com,edouard.goubert@ameritrade.com,3015354922,9734930857,,,,,7 Waller Dr,Middletown,NJ,07748,Monmouth County,CONDO,Residential,,,,,,1222000,2026-10-14,2,eligible,ineligible,,,6843,Yes,Mon Aug 24,X,No
48648844,A,rated,Anatoliy,Binshteyn,binigor@aol.com,micaela2606@yahoo.com,3477230512,3475422415,Aleksandr,Binshteyn,binigor@aol.com,7184241647,90 Cranbrook Ct,Holmdel,NJ,07733,Monmouth County,CONDO,Residential,3,3,1360,1995,,614000,2026-10-14,2,eligible,ineligible,,,3316,Yes,Mon Aug 24,X,Yes
198279809,A,rated,Jeffrey J,Abrams,otis108@aol.com,tilden73@aol.com,9087239241,9085771429,Allison,Abrams,allisonabrams04@hotmail.com,9176237290,146 Cross Slope Ct Unit B,Manalapan,NJ,07726,Monmouth County,CONDO,Residential,2,2,1130,1976,,288000,2026-10-15,2,eligible,eligible,736.00,,1728,Yes,Mon Aug 24,X,Yes
4232365,A,rated,Ashley,Pronovost,,,7573500774,2019560181,Brian,Pronovost,bp122@optonline.net,2019560180,40 Bristol Ct Unit 5,Freehold,NJ,07728,Monmouth County,CONDO,Residential,2,2,1015,1987,,393000,2026-10-15,2,eligible,eligible,,,2122,Yes,Tue Aug 25,X,Yes
50216638,A,rated,Vladimir,Belorusov,bmariashka@gmail.com,vbelorusov@yahoo.com,7323930748,7326072446,Marianna,Belorusov,,7329523094,711 Darlington Dr,Old Bridge,NJ,08857,Middlesex County,CONDO,Residential,,,1416,1986,,442000,2026-10-15,2,eligible,eligible,,,2387,Yes,Mon Aug 24,X,Yes
196021114,A,rated,Patricia,Spano,,,7326462028,7326880202,Daniel,Spano,charles@discreet.com,7322870157,100 John T O Leary Blvd Unit 420,South Amboy,NJ,08879,Middlesex County,CONDO,Residential,,,,,,444000,2026-10-16,2,eligible,ineligible,,,2486,Yes,Tue Aug 25,X,No
152665880,A,rated,Raul,Garcia,,,,,Rene,Acuna,servinluis1983@gmail.com,8633079464,13 Kingsley Way,Freehold,NJ,07728,Monmouth County,CONDO,Residential,2,2,1402,1969,,405000,2026-10-16,2,eligible,eligible,,,2430,Yes,Tue Aug 25,X,Yes
336867354,A,rated,Christina,Meyer,cmmbball42@aol.com,courtroulk@aol.com,7326737470,7326734115,Alvah,Meyer,meyerpam@nj.rr.com,7328425969,42 Augustus Dr,Middletown,NJ,07748,Monmouth County,CONDO,Residential,,,2836,2023,,968000,2026-10-16,2,eligible,review,,,5324,Yes,Mon Aug 24,X,Yes
48440834,A,rated,Scott,Mitchell,scottmitchmo@aol.com,,7327897410,7326681229,Kayla,Newman,mitchell.aj27@yahoo.com,7327897426,425 Saint Andrews Pl,Manalapan,NJ,07726,Monmouth County,CONDO,Residential,2,1,1592,2000,,464000,2026-10-16,2,eligible,ineligible,,,2506,Yes,Mon Aug 24,X,Yes
192774577,A,rated,Marla,Dillon,mdillon116@hotmail.com,marla.dillon@aol.com,3474954814,3474954830,Eric,Dillon,,3474954830,67 Overlook Way Unit B,Manalapan,NJ,07726,Monmouth County,CONDO,Residential,2,1,1130,1974,,282000,2026-10-16,2,eligible,eligible,,,1692,Yes,Mon Aug 24,X,Yes
1000438671,A,rated,Brianna,Rissman,xxlilriss7@aol.com,,7324460179,7183566538,Angela,Rissman,lugramar@yahoo.com,7324460179,11 Linder Ct,Middletown,NJ,07748,Monmouth County,CONDO,Residential,,,2836,2024,,980000,2026-10-17,2,eligible,eligible,,,5390,Yes,Mon Aug 24,X,Yes
26854350,A,rated,Vincent,Balestrieri,vinniebal@aol.com,mssi83@aol.com,7328707242,7323060538,Jodi,Balestrieri,mssi83@aol.com,7323061145,121d Muhlen Platz,Freehold,NJ,07728,Monmouth County,CONDO,Residential,1,1,1032,1967,,296000,2026-10-17,2,eligible,ineligible,,,1989,Yes,Mon Aug 24,X,No
1000438758,A,rated,Wayne,Aldredge,daveyl@sbcglobal.net,waldredgedmd@yahoo.com,7322391432,7327784329,Suzanne,Aldredge,daveyl@sbcglobal.net,7329469233,19 Augustus Dr,Middletown,NJ,07748,Monmouth County,CONDO,Residential,,,2836,2024,,985000,2026-10-17,2,eligible,ineligible,,,5418,Yes,Mon Aug 24,X,Yes
251526425,A,rated,Alexander,Grinshpoon,,,9174552050,7327922094,Jessica,Paige,jlovestoshop@gmail.com,9173193571,2 Fells Dr,Manalapan,NJ,07726,Monmouth County,CONDO,Residential,4,1,2191,2006,,759000,2026-10-17,2,eligible,eligible,,,3795,Yes,Tue Aug 25,X,Yes
199803420,A,rated,Gregory,Ellis,gregellisge@gmail.com,grege@student.fdu.edu,2013165989,,Jessica,Ellis,,5515791453,2 White Pines Way,Freehold,NJ,07728,Monmouth County,SFR,Residential,4,3,3365,2009,2009,1239000,2026-10-17,2,eligible,eligible,2767.00,,7223,Yes,Mon Aug 24,X,Yes
251526484,A,rated,Vladimir,Ginzburg,vex@interport.net,,9187070434,6463442526,Dorita,Ginzburg,dginzburg@wmconnect.com,7187584524,208 Bradwick Way,Marlboro,NJ,07746,Monmouth County,SFR,Residential,3,2,2842,2008,2008,913000,2026-10-17,2,eligible,eligible,,,5323,Yes,Mon Aug 24,X,Yes
50207264,A,rated,Lauren,Trapasso,barb9280@aol.com,rat933@aol.com,9179217630,7324311564,Alana,Ginsburg,barb9280@aol.com,7188160052,239 Century Way,Manalapan,NJ,07726,Monmouth County,CONDO,Residential,2,1,1366,1990,,505000,2026-10-17,2,eligible,eligible,,,2727,Yes,Mon Aug 24,X,Yes
330177936,A,rated,Brandon,Kong,bkong1@gmail.com,bkong@sprintpcs.com,9175860817,2035436045,David,Kong,davidkong@aol.com,7182536737,33 Emily Ct,Hazlet,NJ,07730,Monmouth County,CONDO,Residential,2,3,1508,2019,,554000,2026-10-17,2,eligible,eligible,,,2770,Yes,Mon Aug 24,X,Yes
48562528,A,rated,Sheng,Luo,,,,,Zhao,Luo,lzluo@yahoo.com,7328340480,34 Banyan Blvd,Holmdel,NJ,07733,Monmouth County,CONDO,Residential,3,3,2009,2000,,720000,2026-10-17,2,eligible,review,,,3888,Yes,Tue Aug 25,X,Yes
336867352,A,rated,Neal,Fersht,ne5alf@yahoo.com,neal@mcpeteinc.com,7326059106,2122131330,Laura,Fersht,sportzkid007@gmail.com,7325473930,401 Pilot St,Marlboro,NJ,07746,Monmouth County,CONDO,Residential,,,2148,2023,,824000,2026-10-17,2,eligible,eligible,,,4120,Yes,Mon Aug 24,X,Yes
37595257,A,rated,Michael,Thorogood,ktorrjbu@hotmail.com,christa.buchgeher@liwest.at,7322190150,7322198853,Maciej,Wojciak,,7324773379,43 Lexington Ct,Holmdel,NJ,07733,Monmouth County,CONDO,Residential,3,3,1411,1997,,547000,2026-10-17,2,eligible,ineligible,,,2954,Yes,Mon Aug 24,X,Yes
37576193,A,rated,Rosanna,Hendrick,rosannahendrick@yahoo.com,rosannahendrick@hotmail.com,7324064989,7089273056,Ha,Levu,,7324064989,6 Marc Ct,Parlin,NJ,08859,Middlesex County,CONDO,Residential,3,4,,1998,,741000,2026-10-17,2,eligible,eligible,,,4482,Yes,Mon Aug 24,X,No
11262461,A,rated,Julie,Giurici,juliegiurici@hotmail.com,,7324464522,7324454522,Nicole,Giurici,chrisg63@live.com,7322526122,67 Briarwood Ct,Howell,NJ,07731,Monmouth County,CONDO,Residential,2,2,1044,1986,,341000,2026-10-17,2,eligible,eligible,,,1841,Yes,Mon Aug 24,X,Yes
251583997,A,rated,Kevin,Tuohy,jerry_marable@yahoo.com,fhwma1@prodigy.net,5207302834,5162051822,Mary,Tuohy,mary2e@aol.com,7325366836,9 Pebble Creek Ct,Tinton Falls,NJ,07724,Monmouth County,SFR,Residential,4,2,3095,2019,2019,1389000,2026-10-17,2,ineligible,eligible,,,7640,Yes,Mon Aug 24,X,Yes
251589244,A,rated,Joseph P,Curto,joseph.curto@cs.com,captainjoe1@yahoo.com,9734174819,9083139733,Bernice,Curto,acurto@altavista.com,7322830431,90 Legacy Ct,Freehold,NJ,07728,Monmouth County,SFR,Residential,3,2,2821,2017,2017,935000,2026-10-17,2,eligible,review,,,5143,Yes,Mon Aug 24,X,Yes
335076287,A,rated,Michael,Generoso,md421@aol.com,paige52012@yahoo.com,7325704593,7328869992,Denise,Generoso,,7324969287,105 Hedgerow Ln,Manalapan,NJ,07726,Monmouth County,CONDO,Residential,3,3,2303,2022,,740700,2026-10-18,2,eligible,eligible,,,3704,Yes,Mon Aug 24,X,Yes
1000438203,A,rated,Melissa,Murray,murraymelissaa@gmail.com,,7325006955,7327961144,Diane,Clonts,jerseyd2000@aol.com,7328954728,111 Ramble Way,Manalapan,NJ,07726,Monmouth County,CONDO,Residential,,,,2024,,672000,2026-10-18,2,eligible,ineligible,,,3763,Yes,Mon Aug 24,X,No
1000438212,A,rated,Shawn,Grossett,stefaniegrossett@gmail.com,baller8522@aol.com,7326063757,7326101775,Betty,Powell,charles87angel@yahoo.com,7328336510,125 Ramble Way,Manalapan,NJ,07726,Monmouth County,CONDO,Residential,,,,2024,,641000,2026-10-18,2,eligible,ineligible,,,3590,Yes,Mon Aug 24,X,No
32732295,A,rated,Sara,Arias,alexa.ar10@hotmail.com,lorainaarias@yahoo.com,7327638663,5104155101,Delmy,Juliani,bartender_10@yahoo.com,9293926487,134 Shinnecock Dr,Manalapan,NJ,07726,Monmouth County,CONDO,Residential,4,1,2362,2000,,720000,2026-10-18,2,eligible,eligible,,,3888,Yes,Mon Aug 24,X,Yes
251583988,A,rated,Marcie,Horowitz,m.l.horowitz@att.net,marcie.horowitz@hotmail.com,9084726812,9083473423,Margaret A,Maloney,egoldstein@tivejo.co,3034944842,148 Sunset Dr,Tinton Falls,NJ,07724,Monmouth County,SFR,Residential,4,2,2854,2015,2015,1300000,2026-10-18,2,ineligible,eligible,,,7150,Yes,Mon Aug 24,X,Yes
335076377,A,rated,Mohan,Sankar,mohan293@gmail.com,,2014679340,2018801803,Nischala,Paleti,,,1504 Arose Ln,Middletown,NJ,07748,Monmouth County,CONDO,Residential,3,4,2664,2022,,842000,2026-10-18,2,eligible,eligible,,,4631,Yes,Mon Aug 24,X,Yes
50360247,A,rated,Christina,Merckx,heymerckxy@hotmail.com,christinamerckx@bellsouth.net,9856348005,9734083391,Carlos,Rivadeneira,amerckx@yahoo.com,6099693885,158 Village Green Way,Hazlet,NJ,07730,Monmouth County,CONDO,Residential,1,1,864,1985,,327000,2026-10-18,2,eligible,eligible,,,1962,Yes,Mon Aug 24,X,Yes
205227768,A,rated,Kelli,Perry,klperry26@yahoo.com,,7329212320,8656594422,Anthony,Perry,,7326059022,416 Saint Andrews Pl,Manalapan,NJ,07726,Monmouth County,CONDO,Residential,2,1,1592,2000,,461000,2026-10-18,2,eligible,ineligible,,,2489,Yes,Mon Aug 24,X,Yes
37832475,A,rated,Inderjit,Singh,inderjit.singh@comcast.com,inderjits@comcast.net,4088216009,6107819519,Jaswinder,Singh,pallasingh@live.com,7325816171,49 Fela Dr,Parlin,NJ,08859,Middlesex County,CONDO,Residential,,,,1998,,716000,2026-10-18,2,eligible,eligible,,,3866,Yes,Mon Aug 24,X,Yes
48706406,A,rated,Tracy,Dill,tracy613@optonline.net,,7324922008,7324073794,Jonathan,Licht,,,12 Wren Way,Howell,NJ,07731,Monmouth County,CONDO,Residential,2,1,1232,1978,,372000,2026-10-19,2,eligible,eligible,,,2232,Yes,Wed Aug 19,X,Yes
4803285,A,rated,Waddell,Alphonse,,,6192463846,6196108547,Mimose,Alphonse,mimalphonse3@yahoo.com,9542749751,18 Kingsley Way,Freehold,NJ,07728,Monmouth County,CONDO,Residential,2,1,1242,1969,,417000,2026-10-19,2,eligible,eligible,,,2502,Yes,Tue Aug 25,X,Yes
143103392,A,rated,Joshua,Birnhack,birnhacks@gmail.com,,,,Faigy,Birnhack,,3239348219,252 Moses Milch Dr,Howell,NJ,07731,Monmouth County,CONDO,Residential,3,1,1528,1994,,513000,2026-10-19,2,eligible,review,,,2770,Yes,Fri Aug 21,X,Yes
24371047,A,rated,Khatuna,Tsiklauri,,,,,Gela,Natenadze,gelanatenadzeusa@gmail.com,9294208336,292 Elmwood Ct,Howell,NJ,07731,Monmouth County,CONDO,Residential,3,1,1576,1986,,458000,2026-10-19,2,eligible,eligible,,,2473,Yes,Tue Aug 25,X,Yes
142444274,A,rated,Tahaila,Holness,owenr@att.net,bammaloo@hotmail.com,7185988159,8016543116,Alafia,Delahaye,bammaloo@hotmail.com,3475517236,98 Pagoda Ln,Freehold,NJ,07728,Monmouth County,CONDO,Residential,2,1,1062,1996,,422000,2026-10-19,2,eligible,eligible,,,2279,Yes,Mon Aug 24,X,Yes
335076260,A,rated,Marc,Becker,marcbecker@aol.com,mbecker326@gmail.com,7324237176,7324460919,Lynda,Becker,,,116 Sofia Dr,Manalapan,NJ,07726,Monmouth County,SFR,Vacant Land,4,3,3401,2023,2023,1244000,2026-10-20,2,eligible,eligible,,,6842,Yes,Wed Aug 19,X,Yes
48463570,A,rated,Davit,Barbakadze,,,7329797855,7322075262,Gvanca,Gergedava,minniebaby113@gmail.com,7182922118,126 Colony Club Dr,Sayreville,NJ,08872,Middlesex County,CONDO,Residential,2,3,1486,1996,,486000,2026-10-20,2,review,eligible,,,2624,Yes,Tue Aug 25,X,Yes
335076376,A,rated,Vincent,Perrone,,,9175386388,6463602479,Lauren,Primiani,alexperrone51@gmail.com,9176927811,1503 Arose Ln,Middletown,NJ,07748,Monmouth County,CONDO,Residential,,,2352,2022,,778000,2026-10-20,2,eligible,eligible,,,3890,Yes,Tue Aug 25,X,Yes
336883488,A,rated,Lea,Morris,morrislea@yahoo.com,leam@mindspring.com,7328905154,7327418605,Ellen,Morris,eccokeez1@yahoo.com,7326728937,19 Valiant Ct,Middletown,NJ,07748,Monmouth County,CONDO,Residential,,,2949,2023,,989000,2026-10-20,2,eligible,ineligible,,,5440,Yes,Mon Aug 24,X,Yes
2994463,A,rated,Patrick,Graham,,,6098286406,7324625906,Kristi,Schiavone,kevgraham@gmail.com,7322593589,206 Ashwood Ct,Howell,NJ,07731,Monmouth County,CONDO,Residential,3,1,1576,1986,,473000,2026-10-20,2,eligible,eligible,,,2554,Yes,Tue Aug 25,X,Yes
220187486,A,rated,Vincent O,Green,vpg78@aol.com,vpg78@hotmail.com,7328652892,7324334913,Pamela,Green,pamelagreen2015@gmail.com,7328701261,2174 Middletown Lincroft Rd,Middletown,NJ,07748,Monmouth County,SFR,Residential,3,3,2728,2019,2019,1119500,2026-10-20,2,ineligible,eligible,,,6157,Yes,Mon Aug 24,X,Yes
141381153,A,rated,Barbara,Michaels,barbm6@yahoo.com,barbm6@comcast.com,7326736897,8653863340,Robert,Michaels,,,27 Canterbury Ct # 63,Old Bridge,NJ,08857,Middlesex County,CONDO,Residential,2,3,1325,1987,,445000,2026-10-20,2,eligible,ineligible,,,2403,Yes,Wed Aug 19,X,Yes
200247629,A,rated,Erica,Rodriguez,rodriguez.erica@yahoo.com,indulge918@aol.com,8485257246,9178535414,Mildred,Mendoza,mildred.mendoza@aol.com,9084205356,4 Hummingbird Ct,Howell,NJ,07731,Monmouth County,SFR,Residential,4,1,3564,2012,2012,1135000,2026-10-20,2,ineligible,eligible,,,6243,Yes,Mon Aug 24,X,Yes
251521164,A,rated,Jagadeesh,Kalluru,kalluru@comcast.net,jaganshar@rediffmail.com,5109288257,2022571560,Neethi,Subramanya,,5108891321,47 Springhouse Cir,Manalapan,NJ,07726,Monmouth County,SFR,Residential,5,1,3094,2006,2006,1156000,2026-10-20,2,eligible,eligible,,,6358,Yes,Mon Aug 24,X,Yes
336973567,A,rated,Pradeep,Gorthi,,,,,Pallavi,Dharmapuri,anupamgorthi@gmail.com,9174997899,7 Valiant Ct,Middletown,NJ,07748,Monmouth County,CONDO,Residential,,,2924,2022,,979000,2026-10-20,2,eligible,ineligible,,,5385,Yes,Tue Aug 25,X,Yes
1000438718,A,rated,Mansee,Mehta,manseemehta@yahoo.com,,3017852340,2018615419,Shilpa,Mehta,,8178966225,9 Valiant Ct,Middletown,NJ,07748,Monmouth County,CONDO,Residential,,,2920,2023,,1000000,2026-10-20,2,eligible,eligible,,,5500,Yes,Mon Aug 24,X,Yes
147169948,A,rated,Javier,Barajas,,,,,Ana,Luque,billgogg1@att.net,5127719122,257 Sugar Maple Ct,Howell,NJ,07731,Monmouth County,CONDO,Residential,3,1,1576,1986,,474000,2026-10-21,2,eligible,eligible,,,2560,Yes,Tue Aug 25,X,Yes
7361383,A,rated,Victor,Rivera,vmrivera@verizon.net,suzyr10@yahoo.com,2013410938,9086557732,Suzanne,Rivera,suzyr@bellsouth.net,7324466535,2701 Metedeconk,Freehold,NJ,07728,Monmouth County,CONDO,Residential,2,1,1468,2003,,460000,2026-10-21,2,eligible,eligible,,,2484,Yes,Mon Aug 24,X,Yes
9598991,A,rated,Rosemarie,Serao,bostons4@comcast.net,,7323417121,,,,,,43 Poplar Pl,Freehold,NJ,07728,Monmouth County,CONDO,Residential,2,2,1128,1989,,466000,2026-10-21,2,eligible,eligible,,,2516,No,,X,Yes
11262453,A,rated,Christina,Rosano,cmrisen@yahoo.com,crosano19@gmail.com,7324960393,7324315388,Dana,Rosano,wwjdro7@yahoo.com,7324315388,4512 Pepperidge Ct,Freehold,NJ,07728,Monmouth County,CONDO,Residential,2,1,1336,1995,,438000,2026-10-21,2,eligible,eligible,,,2507,Yes,Mon Aug 24,X,Yes
45465205,A,rated,Harish,Chandra,,,7328045032,4064536051,Saranya,Radhakrishnan,kcs_reddy22@yahoo.com,7324853263,5 Hedgerow Ln,Manalapan,NJ,07726,Monmouth County,SFR,Residential,4,3,3228,2009,2009,1108000,2026-10-21,2,eligible,eligible,,,6094,Yes,Tue Aug 25,X,Yes
140814887,A,rated,Bryan,Rosa,bryrosa@aol.com,bryrosa@nj.rr.com,9172880714,2012880714,Anthony,Rosa,powereng357@aol.com,2012880714,546 Laurelwood Ct,Howell,NJ,07731,Monmouth County,CONDO,Residential,3,1,1856,1986,,469000,2026-10-21,2,eligible,ineligible,,,2533,Yes,Tue Aug 25,X,Yes
140019344,A,rated,Jeffrey,Colonna,colonna1869@msn.com,jeffre815@disciples.com,9175774334,7122796200,,,,,81 Greenwood Dr,Freehold,NJ,07728,Monmouth County,CONDO,Residential,1,2,1035,1982,,356000,2026-10-21,2,eligible,eligible,,,2136,Yes,Tue Aug 18,X,Yes
42727335,A,rated,Stephen,Gitto,sgitto204@gmail.com,,7324311979,5184827129,Mia,Ingui,,7324311979,86 Ironwood Ct,Middletown,NJ,07748,Monmouth County,CONDO,Residential,3,3,1712,2002,,686000,2026-10-21,2,eligible,ineligible,,,4149,Yes,Mon Aug 24,X,No
1000438208,A,rated,Latisha,Ramsey,latisharamsey38@gmail.com,,7326930560,9014844167,,,,,121 Ramble Way,Manalapan,NJ,07726,Monmouth County,CONDO,Residential,,,,2024,,638000,2026-10-22,2,eligible,ineligible,,,3573,Yes,Tue Aug 18,X,No
324339659,A,rated,Pavle,Datunaishvili,pdatunaishvili@gmail.com,paatadatunaishvil@gmail.com,6462884571,9292558457,Natela,Masikashvili,,,19 Pension Hill Rd,Manalapan,NJ,07726,Monmouth County,SFR,Residential,4,1,2742,2007,2007,1025000,2026-10-22,2,eligible,review,,,5976,Yes,Tue Aug 18,X,Yes
28968109,A,rated,Victoria,Dinaro,cullenlover225@msn.com,tdraider81@msn.com,9086753083,6469181930,,,,,19 Tulip Ln,Freehold,NJ,07728,Monmouth County,CONDO,Residential,2,2,1102,1986,,420000,2026-10-22,2,eligible,eligible,,,2268,Yes,Tue Aug 18,X,Yes
1000438225,A,rated,Quentin,Hodge Grant,,,7327407871,,Celeste,Hodge,celestehodgegrant@netscape.net,7328635547,223 Ramble Way,Manalapan,NJ,07726,Monmouth County,CONDO,Residential,,,1488,2024,,542000,2026-10-22,2,eligible,ineligible,,,3035,Yes,Tue Aug 25,X,No
26069813,A,rated,Ferlin Joseph,Nathaniel,ferlinnathaniel@gmail.com,lovemirabel@yahoo.com,3474888561,3478539347,Grace,Ogboanoh,,,2311 Bayhead Dr,Parlin,NJ,08859,Middlesex County,CONDO,Residential,2,2,1088,1986,,382000,2026-10-22,2,eligible,ineligible,,,2063,Yes,Tue Aug 18,X,Yes
188875831,A,rated,Ralph,Rosso,lrossorm@aol.com,ralph.rosso@bellsouth.net,7326871341,9085911697,,,,,31 Meadow Green Cir Unit F,Manalapan,NJ,07726,Monmouth County,CONDO,Residential,2,1,1130,1973,,253000,2026-10-22,2,eligible,eligible,,,1518,Yes,Tue Aug 18,X,Yes
48666297,A,rated,Thomas D,Carhuff,carrottop94@gmail.com,,9088129867,9088129393,Katherine,Rittenbach,,,91 Watson Ct,Howell,NJ,07731,Monmouth County,CONDO,Residential,2,1,1854,2001,,513000,2026-10-22,2,eligible,eligible,,,2936,Yes,Tue Aug 18,X,Yes
150710592,A,rated,Sofya,Reznik,femareznik@gmail.com,,8482036477,7326071407,Efim,Reznik,,,13 Wild Turkey Way Unit K,Manalapan,NJ,07726,Monmouth County,CONDO,Residential,2,1,1130,1974,,275000,2026-10-23,2,eligible,eligible,,,1650,Yes,Wed Aug 19,X,Yes
700086432507,A,rated,Stefanos,Gazis,kgazis@rocketmail.com,,2164699819,2162623942,,,,,17-12 Stuart Dr,Freehold,NJ,07728,Monmouth County,CONDO,Townhouse/Condo,3,1,1357,1989,,458000,2026-10-23,2,eligible,eligible,,,2473,Yes,Wed Aug 19,X,Yes
143640032,A,rated,Matthew,Ranieri,mattdj2@gmail.com,matthewaranieri@gmail.com,7324911205,9089670293,,,,,5 Iris Ct,Howell,NJ,07731,Monmouth County,CONDO,Residential,2,1,1957,1997,,566000,2026-10-23,2,eligible,eligible,,,3056,Yes,Wed Aug 19,X,Yes
189453958,A,rated,Mohamed,Dogheim,mohameddogheim@gmail.com,marwakhalifa78@gmail.com,7327151144,,Marwa,Khalifa,,,70 Laguna Hills Ct,Holmdel,NJ,07733,Monmouth County,CONDO,Residential,3,4,2456,1996,,1209000,2026-10-23,2,eligible,eligible,,,6529,Yes,Wed Aug 19,X,Yes
197492225,A,rated,Abdul M,Muhammad,muhammadab65@yahoo.com,baseemahmuhammad13@gmail.com,9736524997,9733808665,,,,,736 Darlington Dr,Old Bridge,NJ,08857,Middlesex County,CONDO,Residential,,,1279,1986,,419000,2026-10-23,2,eligible,eligible,,,2263,Yes,Wed Aug 19,X,Yes
335076375,A,rated,Yue,Leng,yueleng15@gmail.com,,2014177571,,,,,,1502 Arose Ln,Middletown,NJ,07748,Monmouth County,CONDO,Residential,,,2352,2022,,778000,2026-10-24,2,eligible,eligible,,,3890,Yes,Wed Aug 19,X,Yes
203728938,A,rated,Scott,Spilner,richard.spilner@erols.com,rspilner@worldnet.att.net,9082595390,9082591196,,,,,18 Dancaster Ct,Sayreville,NJ,08872,Middlesex County,CONDO,Residential,3,3,1671,1979,,524000,2026-10-24,2,eligible,eligible,,,3144,Yes,Wed Aug 19,X,Yes
1000438759,A,rated,Antonio,Gadaleta,dgadaleta28@gmail.com,agad495@gmail.com,2019357067,2014609205,,,,,21 Augustus Dr,Middletown,NJ,07748,Monmouth County,CONDO,Residential,,,2836,2024,,951000,2026-10-24,2,eligible,ineligible,,,5231,Yes,Wed Aug 19,X,Yes
152542104,A,rated,Ilya,Gruzdev,lya@russian-club.com,,6142707777,7329522176,,,,,33 Hancock Ln,Manalapan,NJ,07726,Monmouth County,CONDO,Residential,2,1,1922,1990,,621000,2026-10-24,2,eligible,ineligible,,,3353,Yes,Wed Aug 19,X,Yes
335075933,A,rated,Semyon,Kotlyar,skotlyar@gmail.com,mltprep@yahoo.com,7182077276,5182756849,,,,,6 Salkin Way,Freehold,NJ,07728,Monmouth County,SFR,Residential,3,3,2726,2023,2023,905000,2026-10-24,2,eligible,ineligible,,,5575,Yes,Thu Aug 20,X,No
1000438669,A,rated,Alfredo,Arcentales,lenny.arcentales@msc.com,aarcentales@tivejo.com,2017792911,3155465090,Agatacristi,Repice,,,7 Linder Ct,Middletown,NJ,07748,Monmouth County,CONDO,Residential,,,3172,2024,,1107500,2026-10-24,2,eligible,ineligible,,,6091,Yes,Wed Aug 19,X,Yes
205163222,A,rated,Samantha,Shor,oregontrucker@gmail.com,vanessawho10@gmail.com,3214314754,7326107451,,,,,94 Tulip Ln,Freehold,NJ,07728,Monmouth County,CONDO,Residential,2,2,1236,1986,,427000,2026-10-24,2,eligible,review,,,2306,Yes,Wed Aug 19,X,Yes
209071182,A,rated,Kristina,Cherkalina,,,7322526353,7325778210,Alona,Kairys,alona.kairys@gmail.com,7322168780,100 Poplar Pl,Freehold,NJ,07728,Monmouth County,CONDO,Residential,2,2,1400,1989,,487000,2026-10-25,2,eligible,eligible,,,2630,Yes,Tue Aug 25,X,Yes
325534937,A,rated,Mary,Kiley,dollastoppa@yahoo.com,angel2576ss@aol.com,9086751957,2813614301,,,,,11 Festival Ct,Howell,NJ,07731,Monmouth County,SFR,Residential,2,2,1767,2020,2020,650000,2026-10-25,2,review,eligible,,,3250,Yes,Wed Aug 19,X,Yes
20510975,A,rated,Taylor,Donovan,taylor.donovan1@aol.com,,7324560900,7329197057,,,,,119 Cypress Ct,Howell,NJ,07731,Monmouth County,CONDO,Residential,2,2,1044,1986,,348000,2026-10-25,2,eligible,eligible,,,1879,Yes,Fri Aug 21,X,Yes
197703754,A,rated,William,Thomas,shjaronandrandy@comcast.net,,4438335332,3018335332,Sharon,Thomas,,4438983828,175 Wintergreen Dr,Manalapan,NJ,07726,Monmouth County,SFR,Residential,3,1,2004,2013,2013,814000,2026-10-25,2,eligible,eligible,,,4070,Yes,Fri Aug 21,X,Yes
149122184,A,rated,Leanne,Nicholson,lnicholson97@gmail.com,sand953@gmail.com,7182086556,9082274368,,,,,27 Haverford Ct Unit 1,Freehold,NJ,07728,Monmouth County,CONDO,Residential,3,2,1646,1994,,520000,2026-10-25,2,eligible,eligible,,,2808,Yes,Fri Aug 21,X,Yes
197204473,A,rated,Philip,George,phlipgeorge@yahoo.com,phlipgeorge@comcast.net,2022705458,3015207755,Christina,Pasick,cpasickz8@yahoo.com,7322079635,28 Van Brackle Rd,Holmdel,NJ,07733,Monmouth County,SFR,Residential,5,2,3365,2018,2018,1528000,2026-10-25,2,review,eligible,,,8404,Yes,Fri Aug 21,X,Yes
11251897,A,rated,Jamie,Sigman,xojamie0923@yahoo.com,qmjamie.sigman79@aol.com,9082277753,7322545398,,,,,51 Chinkaberry Ct,Howell,NJ,07731,Monmouth County,CONDO,Residential,2,2,1044,1986,,356000,2026-10-25,2,eligible,eligible,,,1922,Yes,Fri Aug 21,X,Yes
3855367,A,rated,Andres G,Llerena,thwardhd@gmail.com,bigfathead25@aim.com,7326198387,7322526602,Ariel,Llerena,thwardhd@gmail.com,7329840946,51 Winged Foot Ct,Howell,NJ,07731,Monmouth County,CONDO,Residential,2,1,1854,2000,,525000,2026-10-25,2,eligible,eligible,,,2835,Yes,Thu Aug 20,X,Yes
143792472,A,rated,Mina,Tosson,minatosson@aol.com,mtosson1@cs.com,9178338880,7182581017,,,,,88 Farnham Sq,Parlin,NJ,08859,Middlesex County,CONDO,Residential,3,3,1402,1986,,484000,2026-10-25,2,eligible,eligible,,,2614,Yes,Thu Aug 20,X,Yes
335076289,A,rated,Edward,Hancock,aliciahancock@angelfire.com,,7327424774,9084628019,Anita,Hancock,u5ahancock@hotmail.com,7329429421,107 Hedgerow Ln,Manalapan,NJ,07726,Monmouth County,CONDO,Residential,,,2249,2022,,792000,2026-10-26,2,eligible,eligible,,,3960,Yes,Mon Aug 24,X,Yes
145850670,A,rated,Samuel,Rosenberg,,,,,Aviva,Rosenberg,arosenberg@frontiernet.net,7323634135,205 Moses Milch Dr,Howell,NJ,07731,Monmouth County,CONDO,Residential,3,1,1672,1994,,510000,2026-10-26,2,eligible,eligible,,,2754,Yes,Tue Aug 25,X,Yes
37728175,A,rated,Christy,Palmisano,thequeen1326@verizon.net,thequeen1326@aol.com,7322415429,7327790674,Carl,Palmisano,cjpssp@aol.com,7328301691,279 Lilac Ln,Freehold,NJ,07728,Monmouth County,CONDO,Residential,2,1,1629,1987,,532000,2026-10-26,2,eligible,eligible,,,2873,Yes,Mon Aug 24,X,Yes
336973566,A,rated,Allison,Glessner,allen24jackson@yahoo.com,,7328613469,7326885139,Elizabeth,Glessner,elizabethglessner@uswest.net,7322949440,406 Pilot St,Marlboro,NJ,07746,Monmouth County,CONDO,Residential,,,2148,2023,,788000,2026-10-26,2,eligible,eligible,,,3940,Yes,Mon Aug 24,X,Yes
196599935,A,rated,Harold,Brenner,fee93@msn.com,tammiejean62@hotmail.com,7329340887,7324464493,Zee,Brenner,zholly@aol.com,7324464493,48 Maremanna Dr,Manalapan,NJ,07726,Monmouth County,SFR,Residential,2,1,1892,2012,2012,792000,2026-10-26,2,eligible,eligible,,,3960,Yes,Mon Aug 24,X,Yes
326404870,A,rated,Jeffrey,Ocasio,zaona@aol.com,jocasio@xo.com,9737673006,9735133748,Angel,Ocasio,climatewinter@aol.com,3523471184,6 Lamberson Ct,Sayreville,NJ,08872,Middlesex County,CONDO,Residential,,,1897,1995,,502000,2026-10-26,2,eligible,eligible,,,2711,Yes,Mon Aug 24,X,Yes
700086904069,A,rated,Susan,Bucaria,sbucaria@gmail.com,sbucaria@aol.com,9173029996,9174156499,,,,,60f Largo San Nicola,Freehold,NJ,07728,Monmouth County,CONDO,Townhouse/Condo,2,1,1008,1967,,308000,2026-10-26,2,eligible,eligible,,,1848,Yes,Mon Aug 24,X,Yes
143881635,A,rated,Dong,Hua,dhua@ibm.net,dhua@wmconnect.com,6178174047,6037813733,,,,,66 Laguna Hills Ct,Holmdel,NJ,07733,Monmouth County,CONDO,Residential,2,4,1985,1995,,844000,2026-10-26,2,eligible,eligible,,,4558,Yes,Mon Aug 24,X,Yes
37824444,A,rated,William,Donnelly,wdonn1942@aol.com,cheftomdrake@sprintpcs.com,7322133501,7328414140,Kathleen,Confoy,kmbconfoy@aol.com,5186438897,82 Aspen Ln,Freehold,NJ,07728,Monmouth County,CONDO,Residential,2,2,1364,1994,,506000,2026-10-26,2,eligible,eligible,,,2732,Yes,Mon Aug 24,X,Yes
324339524,A,rated,Paul,Pagano,spag15hh@gmail.com,jenpagano11@gmail.com,7325985821,7327960019,Debra,Pagano,s.pag15hh@gmail.com,7327960019,97 Ironwood Ct,Middletown,NJ,07748,Monmouth County,CONDO,Residential,3,3,1712,2002,,737000,2026-10-26,2,eligible,eligible,,,3980,Yes,Mon Aug 24,X,Yes
229863356,A,rated,Gregory,Russo,grusso21@hotmail.com,frankycarbonis@hotmail.com,7325806085,7324894482,Bryan,Russo,bryandrusso@gmail.com,6093972115,1 Morningstar Ct,Freehold,NJ,07728,Monmouth County,SFR,Vacant Land,4,4,3926,2022,2022,1202000,2026-10-27,2,eligible,review,,,6611,Yes,Tue Aug 25,X,Yes
199594358,A,rated,Thomas M,Lyons,movingahead11@yahoo.com,jerzy2mobee@yahoo.com,3143098897,3144777922,Adele,Lyons,,2018668738,10 Ashford Ct,Sayreville,NJ,08872,Middlesex County,CONDO,Residential,,,1671,1977,,401000,2026-10-27,2,eligible,eligible,,,2406,Yes,Tue Aug 25,X,Yes
335135736,A,rated,Chaitra,Ramdas,chaitr91@gmail.com,,,,,,,,1402 English Ln,Parlin,NJ,08859,Middlesex County,CONDO,Residential,,,,2022,,556000,2026-10-27,2,eligible,ineligible,,,2780,Yes,Tue Aug 25,X,Yes
335084033,A,rated,Lonnie,Greenberg,diamondice56@yahoo.com,arosent246@aol.com,2163740221,2162250687,Ethan,Greenberg,,2169266017,1404 English Ln,Parlin,NJ,08859,Middlesex County,CONDO,Residential,,,,2022,,530000,2026-10-27,2,eligible,ineligible,,,2650,Yes,Tue Aug 25,X,Yes
199156442,A,rated,Angel,Hernandez,jaah21b@aol.com,jaah70@aol.com,9736419852,8622626143,Angel,Hernandez,boricuenanjel18@aol.com,9738819193,146 Parkway Dr Unit A,Freehold,NJ,07728,Monmouth County,CONDO,Residential,2,1,1008,1967,,407000,2026-10-27,2,eligible,ineligible,,,2735,Yes,Tue Aug 25,X,No
200123054,A,rated,William,Bolton,ambo3d@yahoo.com,lazerboltz12@gmail.com,8606906517,8605387918,Barbara,Cole,coleworld606@gmail.com,9088686933,17 Hidden Hollow Ter,Holmdel,NJ,07733,Monmouth County,SFR,Residential,4,4,6794,2018,2018,1975000,2026-10-27,2,review,eligible,,,12561,Yes,Tue Aug 25,X,Yes
253244898,A,rated,Concetta,Digena,cdigena@netzero.net,,9084515004,9086880664,Vincent,Catiis,vcatiis@gmail.com,9085312813,2 Lily Pond Ct,Howell,NJ,07731,Monmouth County,SFR,Residential,3,2,2560,2017,2017,750000,2026-10-27,2,ineligible,eligible,,,4125,Yes,Tue Aug 25,X,Yes
42501209,A,rated,Thomas,Rebele,trebele@verizon.net,trebele@comcast.net,7327405428,7187371775,Jean,Rebele,jeanrebele@gmail.com,7327720541,27 La Jolla Ct,Holmdel,NJ,07733,Monmouth County,CONDO,Residential,3,4,2456,1993,,1520000,2026-10-27,2,review,eligible,,,8208,Yes,Tue Aug 25,X,Yes
336985524,A,rated,Lori,Miller,lorimiller2117@gmail.com,lpjmiller@verizon.net,3344132844,6092383134,John,Miller,johnmiller2117@gmail.com,7323108900,29 Valiant Ct,Middletown,NJ,07748,Monmouth County,CONDO,Residential,,,2949,2023,,979000,2026-10-27,2,eligible,eligible,,,5385,Yes,Tue Aug 25,X,Yes
1833073,A,rated,Mark,Kramer,mkjuggler@aol.com,hope2b4@aol.com,6093672476,7329978386,Reba,Kramer,hope2b4@aol.com,7324922346,66 Deer Path Ct,Tinton Falls,NJ,07724,Monmouth County,CONDO,Residential,2,2,1526,1986,,511000,2026-10-27,2,review,eligible,,,2759,Yes,Tue Aug 25,X,Yes
10790948,A,rated,Lucinda,Cooney,,,7327402658,5707785209,Roger,Cooney,rcooney@worldnet.att.net,7326203771,11 Schooners Sq,Freehold,NJ,07728,Monmouth County,CONDO,Residential,2,2,1198,1985,,438400,2026-10-28,2,eligible,eligible,,,2630,Yes,Tue Aug 25,X,Yes
191401746,A,rated,Loraine,Brophy,brophyfour@aol.com,,9176137054,7189677143,Edward,Brophy,brophyfour@aol.com,7189677143,12 Denerail Rd,Manalapan,NJ,07726,Monmouth County,SFR,Residential,2,1,1956,2012,2012,798000,2026-10-28,2,eligible,eligible,,,3990,Yes,Tue Aug 25,X,Yes
700159147796,A,rated,Tamara,Martynovych,tgreen@cisco.com,,7322574889,7322544153,Edward,Green,angie.eddie@comcast.net,6096853868,2224 Gary Ct,Manalapan,NJ,07726,Monmouth County,CONDO,Condominium,,,,,,236000,2026-10-28,2,eligible,ineligible,,,1322,Yes,Tue Aug 25,X,No
15829448,A,rated,Alyssa,Monera,,,7326144901,7323063416,Marissa,Monera,marissamonera@gmail.com,7325107577,32 Puchala Dr,Parlin,NJ,08859,Middlesex County,CONDO,Residential,3,3,1492,2002,,526000,2026-10-28,2,eligible,ineligible,,,2840,Yes,Tue Aug 25,X,Yes
700088234358,A,rated,Brittney,Geisinger,xbrittneybetchx9@aol.com,arthurbehm@gmail.com,4847948237,4847945340,Brittney,Geisinger,,6109446400,48 Crimson Dr,Manalapan,NJ,07726,Monmouth County,CONDO,Townhouse/Condo,3,4,,2024,,715000,2026-10-28,2,eligible,ineligible,,,4004,Yes,Tue Aug 25,X,No
190792974,A,rated,Danielle,Vallaro,jqdanielle.vallaro93@msn.com,danielle.vallaro@msn.com,7329838271,9088845435,Anthony,Vallaro,nca.avallaro@gmail.com,7326856152,66 Picket Pl,Freehold,NJ,07728,Monmouth County,CONDO,Residential,4,1,2128,1995,,648000,2026-10-28,2,eligible,review,,,3709,Yes,Tue Aug 25,X,Yes
11262409,A,rated,Antonia,Mavrianos,amavrianos2@gmail.com,,9178363153,7328883987,Anna,Celestino,rfoss1973@gmail.com,7326106108,68 Village Green Way,Hazlet,NJ,07730,Monmouth County,CONDO,Residential,2,1,1080,1981,,397000,2026-10-28,2,eligible,review,,,2382,Yes,Tue Aug 25,X,Yes
37661923,A,rated,Thomas,Morgan,thomasbmorgan@yahoo.com,thomasjmorgan5@gmail.com,7328655485,7326737367,Marion,Morgan,jamm1@metrocast.net,7327061398,14 Kennedy Ct,Middletown,NJ,07748,Monmouth County,CONDO,Residential,3,3,1765,1980,,593000,2026-10-29,2,review,eligible,,,3558,Yes,Wed Aug 26,X,Yes
327396232,A,rated,Philip J,Johnston,pjohnsto@ciena.com,philipjohnston@verizon.net,9172701987,9087630779,Lauri,Johnston,laurijohnston@gmail.com,9733641026,39 Northcrest Dr,Tinton Falls,NJ,07724,Monmouth County,SFR,Residential,4,3,3032,2016,2016,1218900,2026-10-29,2,review,eligible,,,6704,Yes,Wed Aug 26,X,Yes
48569420,A,rated,Yelena,Kremenetskaya,,,7329957601,7574230388,Marina,Slabyak,elbertmarina@gmail.com,7329957598,5 Mallard Ln,Marlboro,NJ,07746,Monmouth County,CONDO,Residential,3,2,1792,1997,,698000,2026-10-29,2,eligible,eligible,,,3995,Yes,Wed Aug 26,X,Yes
1000438211,A,rated,Deborah,Foglio,fogs613@gmail.com,tfoglio@cs.com,6092042581,7329843283,Anthony,Foglio,tonyfoglio@gmail.com,7329284951,124 Ramble Way,Manalapan,NJ,07726,Monmouth County,CONDO,Residential,,,,2024,,609000,2026-10-30,2,eligible,ineligible,,,3410,Yes,Wed Aug 26,X,No
48496378,A,rated,Tyisha,Bennett,tyishabennett1@gmail.com,tyishab@hotmail.com,9736989011,9734492815,Frank,Black,spyguy73fb@gmail.com,9737457485,1904 Bayhead Dr,Parlin,NJ,08859,Middlesex County,CONDO,Residential,,,,,,439000,2026-10-30,2,ineligible,eligible,,,2195,Yes,Wed Aug 26,X,Yes
700161538638,A,rated,Matthew,Kyriacou,m.kyriacou@hotmail.com,,7323329767,,Andrew,Kyriacou,,7323329767,2 Verde Ct,Holmdel,NJ,07733,Monmouth County,CONDO,Condominium,,,,,,1377000,2026-10-30,2,eligible,ineligible,,,7711,Yes,Wed Aug 26,X,No
152369351,A,rated,Sara,Quaranta,saraquaranta@yahoo.com,squaranta@msn.com,7326421510,7326872856,Elizabeth,Quaranta,esqmagic@gmail.com,7327578433,205 Daffodil Dr,Freehold,NJ,07728,Monmouth County,CONDO,Residential,2,1,1270,1987,,449000,2026-10-30,2,eligible,eligible,,,2425,Yes,Thu Aug 27,X,Yes
42320374,A,rated,Michelle,Kirsh,michellekirsh@aol.com,,7324091322,6464763186,Ari,Kirsh,,7324091322,23 Orange Dr,Marlboro,NJ,07746,Monmouth County,CONDO,Residential,3,1,1833,1987,,552000,2026-10-30,2,eligible,ineligible,,,3338,Yes,Wed Aug 26,X,No
50437200,A,rated,Vincent,Facchino,,,7329704007,,Elizabeth,Facchino,fishfamv@msn.com,7328887538,374 Middlewood Rd,Middletown,NJ,07748,Monmouth County,CONDO,Residential,2,2,1510,1979,,519000,2026-10-30,2,eligible,eligible,,,3114,Yes,Wed Aug 26,X,Yes
205772461,A,rated,Gennadiy,Fleshler,gfunited@aol.com,gfleshler@aol.com,7324070596,7324920987,Anne,Fleshler,,7328515576,40 Tulip Ln,Freehold,NJ,07728,Monmouth County,CONDO,Residential,2,2,1268,1986,,439000,2026-10-30,2,eligible,eligible,,,2371,Yes,Wed Aug 26,X,Yes
48675553,A,rated,Brady,Mcdonough,,,7324622214,7322528613,Jennifer,Mcdonough,jennifer@seanmcdonough.com,7322528613,546 Saint Andrews Pl,Manalapan,NJ,07726,Monmouth County,CONDO,Residential,2,1,1592,2000,,480000,2026-10-30,2,eligible,eligible,,,2592,Yes,Wed Aug 26,X,Yes
200678693,A,rated,Andrew,Baldauf,andrewbaldauf@jabble.com,andrewbaldauf@tds.net,9739981921,9736157114,Andrew,Baldauf,smps.inc@comcast.net,9736157114,63 Lexington Ct,Holmdel,NJ,07733,Monmouth County,CONDO,Residential,3,3,1411,1997,,549000,2026-10-30,2,eligible,eligible,,,2965,Yes,Wed Aug 26,X,Yes
251524940,A,rated,Alexander,Matt,emattrdhbs@gmail.com,,6098024511,6093712858,Elaine,Matt,smyleigh09@verizon.net,6098024511,82 Demarest Dr,Manalapan,NJ,07726,Monmouth County,CONDO,Residential,3,1,1853,2010,,697000,2026-10-30,2,eligible,eligible,,,3485,Yes,Thu Aug 27,X,Yes
42469717,A,rated,Adam,Varone,,,8563925518,8565963278,Andrea,Varone,varonea@aol.com,8562961674,93 Briarwood Ct,Howell,NJ,07731,Monmouth County,CONDO,Residential,2,2,964,1986,,344000,2026-10-30,2,eligible,ineligible,,,1858,Yes,Wed Aug 26,X,Yes
48703965,A,rated,Walter,Moore,thankshappyday20@aol.com,,6239106440,6234782803,Joan,Ellison,,6233862081,12 Hendricks Ct,Sayreville,NJ,08872,Middlesex County,CONDO,Residential,,,1734,1995,,523000,2026-10-31,2,eligible,eligible,,,2824,Yes,Thu Aug 27,X,Yes
700087648931,A,rated,Myra,Russell,mrussell_31@yahoo.com,,7327801345,9737464027,Adam,Russell,adam.russell@rediffmail.com,6462560516,161d Cours De Martinique,Freehold,NJ,07728,Monmouth County,CONDO,Townhouse/Condo,2,1,1188,1967,,347000,2026-10-31,2,eligible,eligible,,,2082,Yes,Thu Aug 27,X,Yes
203523126,A,rated,Janet,Subrizi,jsub1591@gmail.com,jbreezy2k@aol.com,9175310511,3478161752,,,,,471 Bayberry Ct,Englishtown,NJ,07726,Monmouth County,CONDO,Residential,1,2,1303,1987,,370000,2026-10-31,2,review,eligible,,,1998,Yes,Thu Aug 27,X,Yes
10940963,A,rated,Rannie,Haddad,lperrone1@cox.net,cafe360llc@aol.com,6096363015,7322613195,Angie,Haddad,angiegirl519@aol.com,7322137758,50 Picket Pl,Freehold,NJ,07728,Monmouth County,CONDO,Residential,3,1,1768,1995,,567000,2026-10-31,2,eligible,eligible,,,3062,Yes,Thu Aug 27,X,Yes
202221830,A,rated,Angelina,Dipaolo,adipaolo@hotmail.com,,7184906749,7322947418,Vincent,Dipaolo,,7184496884,75c William & Mary Square,Freehold,NJ,07728,Monmouth County,CONDO,Residential,2,1,1008,1967,,319000,2026-10-31,2,eligible,eligible,,,1914,Yes,Thu Aug 27,X,Yes
251521284,A,rated,Frank,Cassarino,fcassarino@juno.com,,7182194963,7322229109,Doris,Cassarino,,7322229109,1 Lusitano Rd,Manalapan,NJ,07726,Monmouth County,SFR,Residential,3,1,2604,2006,2006,814000,2026-11-01,2,eligible,eligible,,,4477,Yes,Fri Aug 28,X,Yes
45629957,A,rated,Sheldon,Dempster,smdmath@gmail.com,estelle.dempster@aol.com,9177547672,7183722329,Ava,Dempster,simonedemp15@gmail.com,7186769383,104 Overhill Dr,Parlin,NJ,08859,Middlesex County,CONDO,Residential,,,1903,2002,,725000,2026-11-01,2,eligible,eligible,,,3915,Yes,Fri Aug 28,X,Yes
37537136,A,new,Himanshu,Agarwal,himanshu.agr@gmail.com,himanshu1a@gmail.com,,,Akshay,Agarwal,akshay.agarwal5@gmail.com,2036067038,1309 Joseph Ct,South Plainfield,NJ,07080,Middlesex County,CONDO,Residential,3,3,1700,2002,,676000,2026-11-01,2,eligible,ineligible,,,4088,Yes,Fri Aug 28,X,No
253249801,A,rated,Avais,Masud,avaism@rmcdocs.com,saumasud62@comcast.net,7325005949,5156642498,Tania,Uwais,manophd@aol.com,7324259321,15 Cindy Ct,Howell,NJ,07731,Monmouth County,SFR,Residential,4,2,2935,2017,2017,989000,2026-11-01,2,ineligible,eligible,,,5440,Yes,Fri Aug 28,X,Yes
189171357,A,rated,Jack,Robinson,jrobin1149@msn.com,jrobin1118@msn.com,7325016877,3102928799,Mary,Robinson,robinson_jack@msn.com,7327870932,23 Day Star Rd,Manalapan,NJ,07726,Monmouth County,SFR,Residential,2,1,2221,2012,2012,865000,2026-11-01,2,eligible,eligible,,,4325,Yes,Fri Aug 28,X,Yes
37963959,A,rated,Angel,Cruz,sparone1@yahoo.com,tgangie.cruz92@yahoo.com,2038897859,5865303422,Angel,Cruz,angelcp51@hotmail.com,6469129659,40 Chatham Sq,Parlin,NJ,08859,Middlesex County,CONDO,Residential,3,3,1402,1986,,457000,2026-11-01,2,eligible,ineligible,,,2468,Yes,Fri Aug 28,X,Yes
37419222,A,rated,Charles,Davis,davis.joyce@comcast.net,everbindcd@aol.com,9082299292,9089637462,Joyce,Davis,davis.joyce@comcast.net,9082299292,413 Harrier Dr,Monroe Township,NJ,08831,Middlesex County,CONDO,Residential,2,2,1768,1998,,450000,2026-11-01,2,eligible,eligible,,,2430,Yes,Fri Aug 28,X,Yes
325356782,A,rated,Shilpi,Shah,shilpi.shah@viteos.com,,7325136989,7323056290,Aarti,Shah,artshah@yahoo.com,7324241893,536 Tavern Rd,Monroe Township,NJ,08831,Middlesex County,CONDO,Residential,2,2,1306,2019,,445000,2026-11-01,2,eligible,eligible,,,2225,Yes,Fri Aug 28,X,Yes
190810420,A,rated,Joan,Bilmes,joaneb2005@yahoo.com,joanbilmes@yahoo.com,7325135335,9085365582,Martin,Bilmes,hammerh714@aol.com,7328455206,6 Breton Ln,Manalapan,NJ,07726,Monmouth County,SFR,Residential,2,1,1959,2007,2007,756000,2026-11-01,2,eligible,review,,,4007,Yes,Fri Aug 28,X,Yes
205227841,A,rated,Anthony,Recchia,recchiaanthony@yahoo.com,,7187046679,7327926755,Gina,Recchia,ginarecchia@aol.com,7327926755,676 Saint Andrews Pl,Manalapan,NJ,07726,Monmouth County,CONDO,Residential,2,1,1592,2000,,498000,2026-11-01,2,eligible,ineligible,,,3012,Yes,Fri Aug 28,X,No
48595933,A,rated,Aruna,Srinivasan,reacharunasathya@gmail.com,,7326535021,,,,,,108 Hagaman St,Carteret,NJ,07008,Middlesex County,SFR,Residential,6,4,2280,2015,2015,817000,2026-11-02,2,review,eligible,,,4085,Yes,Mon Aug 31,X,Yes
42888250,A,rated,Sharon,Harrington,sahsharonanne@yahoo.com,sharon.harrington@att.net,6095100538,7329911435,Andrea,Harrington,sherryartist@verizon.net,8144045834,124 S Manor Ct,Wall Township,NJ,07719,Monmouth County,CONDO,Residential,3,1,2155,1992,,750000,2026-11-02,2,eligible,eligible,,,4293,Yes,Mon Aug 31,X,Yes
149180682,A,rated,Andrew,Ziemba,acziemba939@gmail.com,,6093560376,,Karen,Ziemba,acziemba939@gmail.com,6092129396,1330 Cricket Ln,Woodbridge,NJ,07095,Middlesex County,CONDO,Residential,1,1,1000,1981,,294000,2026-11-02,2,eligible,review,,,1764,Yes,Tue Sep 01,X,Yes
224958321,A,rated,Patricia,Bambara,pbambara@msn.com,,7185644742,7182599461,Carmela,Bambara,,7185644742,29a Rutland Ln,Monroe Township,NJ,08831,Middlesex County,CONDO,Residential,,,1920,1989,,466000,2026-11-02,2,eligible,eligible,,,2516,Yes,Tue Sep 01,X,Yes
52357135,A,rated,Janusz,Dziubak,agulka.max@poczta.fm,,7323370882,7326048253,Halina,Dziubak,,7323169810,3009 Smoke House Ct,Freehold,NJ,07728,Monmouth County,CONDO,Residential,2,1,840,1997,,322000,2026-11-02,2,eligible,eligible,,,1739,Yes,Tue Sep 01,X,Yes
216428616,A,rated,Suri,Englard,suri1209@yahoo.com,sbraun@nepack.com,8456997155,7323641230,Avraham,Braun,debbibraun@hotmail.com,8453548084,38 Eagle Ln,Lakewood,NJ,08701,Ocean County,SFR,Residential,6,4,3680,2012,2012,1265000,2026-11-02,2,review,eligible,,,6958,Yes,Mon Aug 31,X,Yes
202901702,A,rated,Hemantha,Gandrothu,hemanpunter14@gmail.com,,2015629297,,,,,,405 Durham Ave,Edison,NJ,08817,Middlesex County,SFR,Vacant Land,3,1,3737,2022,2022,1722000,2026-11-02,2,review,eligible,,,9471,Yes,Mon Aug 31,X,Yes
37367326,A,rated,Jayaram,Palavalasa,jayaramp4@gmail.com,,,,,,,,405 Timber Oaks Rd,Edison,NJ,08820,Middlesex County,CONDO,Residential,3,3,1848,1982,,622000,2026-11-02,2,eligible,eligible,,,3732,Yes,Tue Sep 01,X,Yes
195774632,A,rated,Steve,Hartman,steveh632@yahoo.com,steve@hartmancentral.com,9737138041,9085216152,Linda,Foertsch,,7323223564,480c Fairton Dr,Monroe Township,NJ,08831,Middlesex County,CONDO,Residential,2,,1612,1982,,456000,2026-11-02,2,eligible,eligible,,,2736,Yes,Mon Aug 31,X,Yes
199020155,A,rated,Carlos,Nieves,,,6107962095,,Adriana,Nieves,adriananieves@hotmail.com,7325831774,520 Cliffwood Ave Apt E12,Matawan,NJ,07747,Monmouth County,CONDO,Residential,1,1,660,1983,,253000,2026-11-02,2,eligible,eligible,,,1366,Yes,Mon Aug 31,X,Yes
202827801,A,rated,Eva,Li,evali639@gmail.com,dmc1963@msn.com,7329106625,7325912308,Tony,Li,dmc1963@msn.com,7328953118,639 Windflower Ct,Morganville,NJ,07751,Monmouth County,CONDO,Residential,3,1,1642,1993,,442000,2026-11-02,2,eligible,eligible,,,2387,Yes,Mon Aug 31,X,Yes
326397566,A,rated,Abraham,Nemani,abraham.nemani@gmail.com,anemani@gmail.com,7322393737,7322574837,Wendy,Nemani,,7322574837,7 Missy Ln,Monroe Township,NJ,08831,Middlesex County,CONDO,Residential,3,2,2130,2005,,627000,2026-11-02,2,eligible,eligible,,,3386,Yes,Mon Aug 31,X,Yes
48485759,A,rated,Ayse,Gazko,aysegazko@gmail.com,agazko@gmail.com,7325800420,4129151452,Sedat,Gazko,sgazko@gmail.com,7324463355,77 Pension Rd Ste 20,Manalapan,NJ,07726,Monmouth County,CONDO,Residential,,,,,,309000,2026-11-02,2,eligible,eligible,,,1545,Yes,Tue Sep 01,X,Yes
251526423,A,rated,Kate,Bonet,kategibson21@gmail.com,kate@kate-gibson.com,7329100177,9737690227,Nicholas,Gibson,ngibson883@yahoo.com,9733352881,910 Abby Rd,Middletown,NJ,07748,Monmouth County,CONDO,Residential,4,2,2256,2006,,678000,2026-11-02,2,eligible,eligible,,,3390,Yes,Mon Aug 31,X,Yes
45559619,A,rated,Mary,Santilli,marymattjoe@yahoo.com,matjoemel@verizon.net,9084611841,7324950872,Agnes,Fell,aggiefell@gmail.com,5704215235,94 Friendship Ct,Red Bank,NJ,07701,Monmouth County,CONDO,Residential,2,2,977,1978,,399000,2026-11-02,2,eligible,ineligible,,,2394,Yes,Mon Aug 31,X,Yes
193227061,A,rated,Christina,Mullen,,,7326723254,7325778425,David,Mullen,darkdaysovernj@aol.com,7325778425,94 Tangerine Dr,Marlboro,NJ,07746,Monmouth County,CONDO,Residential,3,1,1745,1987,,538000,2026-11-02,2,eligible,eligible,,,3080,Yes,Tue Sep 01,X,Yes
251583714,A,rated,Adam,Gill,mansoccer890@gmail.com,,9732298045,2012089204,Doreen,Gill,doreen@cradlestocrayonschildcare.net,9739539838,105 Alpine Trl,Neptune,NJ,07753,Monmouth County,CONDO,Residential,2,2,1290,1987,,425000,2026-11-03,2,eligible,eligible,,,2295,Yes,Tue Sep 01,X,Yes
324340944,A,rated,Sibel,Erbas,sibelibis@hotmail.com,bedirhanerbas09@gmail.com,7323228985,7329799993,Aslihan,Foxworthy,aslihanibis@gmail.com,7323391228,105 Deepwater Cir,Manalapan,NJ,07726,Monmouth County,CONDO,Residential,3,1,1853,2006,,669000,2026-11-03,2,eligible,eligible,,,3345,Yes,Tue Sep 01,X,Yes
248742415,A,rated,Nirav,Shah,micronirav@yahoo.com,raja727@hotmail.com,7327714102,9734627784,Arpita,Shah,arps@gmail.com,7323727013,12 Blue Jay Ct,Monmouth Junction,NJ,08852,Middlesex County,SFR,Residential,6,6,4880,2017,2017,1943000,2026-11-03,2,review,ineligible,,,11658,Yes,Wed Sep 02,X,Yes
32938425,A,rated,Lea,Bar Horin,leabarhorin@gmail.com,,7188545229,8452923820,Bluma,Horin,jbarhorin@att.net,7188545229,16 Aspen Ct,Lakewood,NJ,08701,Ocean County,SFR,Residential,3,3,1280,2006,2006,527000,2026-11-03,2,review,eligible,,,2635,Yes,Wed Sep 02,X,Yes
195775726,A,rated,Minnie,Serure,min184@optonline.net,minnieserure3@aol.com,3308422406,6143157564,Bobbi,Ciciyasvili,bobcic@optonline.net,7329724270,184 Cross Slope Ct Unit B,Manalapan,NJ,07726,Monmouth County,CONDO,Residential,2,2,1143,1976,,353000,2026-11-03,2,eligible,eligible,,,2118,Yes,Tue Sep 01,X,Yes
37692471,A,rated,Hong,Shi,hs9800@yahoo.com,cindyshi95@gmail.com,7328291862,8568167622,Xiaojie,Shi,joeshi1999@gmail.com,7323299283,2 Salem St,Plainsboro,NJ,08536,Middlesex County,SFR,Residential,2,2,1916,2006,2006,649000,2026-11-03,2,eligible,ineligible,,,3634,Yes,Tue Sep 01,X,No
335075686,A,rated,Kristin,Archibald,,,8483916048,7325867844,Peter,Archibald,lmpbzkt492@aol.com,8482300205,21 Athens Way,Cliffwood,NJ,07721,Monmouth County,CONDO,Residential,,,906,2022,,435000,2026-11-03,2,eligible,eligible,,,2175,Yes,Tue Sep 01,X,Yes
199789079,A,rated,Jolico,Ha,naomibean@hotmail.com,jonathan.k.ha@gmail.com,7322088088,7322166459,Kaddy,Ha,kaddylha@yahoo.com,7322088088,219 Medford Ct Unit C,Manalapan,NJ,07726,Monmouth County,CONDO,Residential,2,2,1143,1980,,349000,2026-11-03,2,eligible,eligible,,,2094,Yes,Wed Sep 02,X,Yes
336973568,A,rated,Lynn,Weingarten,,,6099034000,8019168714,Adam,Weintraub,asweintraub@msn.com,7326203231,25 Valiant Ct,Middletown,NJ,07748,Monmouth County,CONDO,Residential,,,2836,2023,,940000,2026-11-03,2,eligible,ineligible,,,5170,Yes,Tue Sep 01,X,Yes
3090389,A,rated,Navpreet,Kaur,,,3473793257,3474595302,Bipanpreet,Kaur,rharrison@cotr.bc.ca,6102501904,26 Gordons Corner Rd,Manalapan,NJ,07726,Monmouth County,SFR,Residential,4,3,4932,2007,2007,1308000,2026-11-03,2,eligible,eligible,,,7848,Yes,Wed Sep 02,X,Yes
337023039,A,rated,William,Wilder Jr,williamwilder@email.com,,9089105816,7329487291,Cherie,Wilder,cheriewilder376@gmail.com,7326645133,28 Valiant Ct,Middletown,NJ,07748,Monmouth County,CONDO,Residential,,,2838,2023,,970000,2026-11-03,2,eligible,ineligible,,,5335,Yes,Tue Sep 01,X,Yes
24362681,A,rated,Dean,Roventini,ucantcme51@aol.com,dean.roventini@hotmail.com,7325894697,7326720808,Albert,Roventini,bookiemoe@aol.com,7326720808,316 Balsam Ct,Howell,NJ,07731,Monmouth County,CONDO,Residential,3,1,1576,1986,,513000,2026-11-03,2,eligible,eligible,,,2770,Yes,Tue Sep 01,X,Yes
28946532,A,rated,Puja,Sidana,,,7326628085,7328090147,Deepika,Rajdev,austinsolutionsllp@yahoo.com,2133875576,33 Vincent Behan Blvd,Edison,NJ,08837,Middlesex County,CONDO,Residential,3,3,2200,2008,,680000,2026-11-03,2,eligible,review,,,3400,Yes,Tue Sep 01,X,Yes
336997408,A,rated,Michael,Neglia,mneglia2@aol.com,nocturnalnegszs@yahoo.com,8484598942,9173707158,Antoinette,Neglia,aneglia@erols.com,7326882904,37 Valiant Ct,Middletown,NJ,07748,Monmouth County,CONDO,Residential,,,2924,2023,,963000,2026-11-03,2,eligible,ineligible,,,5297,Yes,Tue Sep 01,X,Yes
191180042,A,rated,Christine,Lomonaco,monaco732@aol.com,maggiegoldberg2002@gmail.com,9179163165,7323905388,Jason,Goldberg,,5163692276,3b Rutland Ln,Monroe Township,NJ,08831,Middlesex County,CONDO,Residential,,,1393,1989,,310000,2026-11-03,2,eligible,ineligible,,,1875,Yes,Tue Sep 01,X,No
700087810211,A,rated,Joan,Masino,joanmasino@optimum.net,banjitar@juno.com,7324337645,9082406316,Jana,Licata,blon_dee21@yahoo.com,9135589990,4-D Utah Dr,Matawan,NJ,07747,Middlesex County,CONDO,Condominium,,,949,1967,,307000,2026-11-03,2,eligible,eligible,,,1842,Yes,Wed Sep 02,X,Yes
251525779,A,rated,Terence,Casey,tcasey271@aol.com,tcasey6@nyc.rr.com,3476831748,3476831768,Catherine,Casey,,7188712887,45 Fells Dr,Manalapan,NJ,07726,Monmouth County,CONDO,Residential,4,1,2023,2006,,724000,2026-11-03,2,eligible,eligible,,,3620,Yes,Wed Sep 02,X,Yes
23753288,A,rated,Christine,Mellas,christinemellas@cs.com,cmmzoe@gmail.com,7326149224,7325223808,James,Mellas,jnmgreek@optonline.net,7323548088,51 Christopher Ct Unit 1,Freehold,NJ,07728,Monmouth County,CONDO,Residential,3,2,1646,1994,,523000,2026-11-03,2,eligible,eligible,,,2824,Yes,Tue Sep 01,X,Yes
29873493,A,rated,Atul,Bhagat,aatul17@gmail.com,,2014236078,,,,,,510 Westgate Dr,Edison,NJ,08820,Middlesex County,CONDO,Residential,2,3,1604,1983,,602000,2026-11-03,2,eligible,eligible,,,3612,Yes,Tue Sep 01,X,Yes
324340500,A,rated,Rajesh,Todupunuri,rajesh139@yahoo.com,,7322071036,6092978249,Parimala,Todupunuri,,7329799818,53 Springhouse Cir,Manalapan,NJ,07726,Monmouth County,SFR,Residential,4,1,3094,2006,2006,1163000,2026-11-03,2,eligible,review,,,6397,Yes,Tue Sep 01,X,Yes
326389807,A,rated,Eileen,Malvagna,eileenmalvagna@gmail.com,emalvagna@aol.com,7323091229,7323292102,Frank,Malvagna,eileenmalvagna@gmail.com,7323292102,6 Wycoff Way E,East Brunswick,NJ,08816,Middlesex County,CONDO,Residential,1,1,1026,1985,,260000,2026-11-03,2,ineligible,eligible,,,1560,Yes,Wed Sep 02,X,Yes
152496515,A,rated,Janine,Casper,jmark0311@aol.com,janinemark@collegeclub.com,2019148660,2012185184,Scott,Casper,scasper716@gmail.com,2014018189,775 Darlington Dr,Old Bridge,NJ,08857,Middlesex County,CONDO,Residential,2,2,1332,1987,,436000,2026-11-03,2,eligible,eligible,,,2354,Yes,Tue Sep 01,X,Yes
4607014,A,rated,Harsh,Gupta,,,2014236974,7323229957,Abhishek,Gupta,abhishek.gupta4@exlservice.com,4013095789,88 Laurel Hollow Ct,Edison,NJ,08820,Middlesex County,CONDO,Residential,3,3,2237,1982,,755000,2026-11-03,2,eligible,eligible,,,4530,Yes,Wed Sep 02,X,Yes
322026610,A,rated,Stephanie,Tocco,stocco@optonline.net,mmarra4@si.rr.com,9177318464,9176932180,Thomas,Tocco,stepht1123@outlook.com,9177317985,1 Traditions Pl,Monroe Township,NJ,08831,Middlesex County,SFR,Residential,3,3,2779,2019,2019,735000,2026-11-04,2,eligible,review,,,4043,Yes,Wed Sep 02,X,Yes
37853951,A,rated,Xinru,Li,xinruli@yahoo.com,xinruli00@yahoo.com,8482483771,7862197828,,,,,118 Linda Ln,Edison,NJ,08820,Middlesex County,CONDO,Residential,2,3,1604,1993,,605000,2026-11-04,2,eligible,eligible,,,3267,Yes,Wed Sep 02,X,Yes
251589256,A,rated,Hari,Mehra,mehram@live.com,manish_mehra@hotmail.com,9174979670,7187678127,Uma,Mehra,mehram@live.com,8488636268,12 Legacy Ct,Freehold,NJ,07728,Monmouth County,SFR,Residential,4,3,3626,2015,2015,1009000,2026-11-04,2,eligible,eligible,,,5550,Yes,Wed Sep 02,X,Yes
203000162,A,rated,Lichai,Weng,cindydong03@gmail.com,,6466395919,6469207602,Detian,Li,al6172001@yahoo.com,6264238622,132 Keswick Dr,Piscataway,NJ,08854,Middlesex County,CONDO,Residential,2,3,1232,2001,,423000,2026-11-04,2,eligible,ineligible,,,2558,Yes,Wed Sep 02,X,No
199142770,A,rated,Anthony,Meli,ameli1@embarqmail.com,ameli@bellsouth.net,3472863735,3527514325,Joyce,Meli,cupcake99@embarqmail.com,3527514325,154a Chatham Dr,Monroe Township,NJ,08831,Middlesex County,CONDO,Residential,,,805,1974,,280000,2026-11-04,2,eligible,eligible,,,1680,Yes,Wed Sep 02,X,Yes
251522713,A,rated,Joseph J,Maltese,jmalt24@aol.com,jmalt24@bigfoot.com,6463720673,9174020244,Jereen,Maltese,julieannmaltese@yahoo.com,7189810740,16 Quincy Ct,Freehold,NJ,07728,Monmouth County,SFR,Residential,3,2,3142,2006,,921900,2026-11-04,2,eligible,ineligible,,,5679,Yes,Thu Sep 03,X,No
205772523,A,rated,Anthony,Borg,aborg630@yahoo.com,aborg@twcny.rr.com,7325994543,7325366422,Concetta,Borg,j1818182@aol.com,7328459356,186 Snow Drop Pl,Freehold,NJ,07728,Monmouth County,CONDO,Residential,2,1,1675,1987,,499000,2026-11-04,2,eligible,eligible,,,2695,Yes,Thu Sep 03,X,Yes
245452861,A,new,Jesse Meyer,Horowitz,ymhybm@optonline.net,yhorowitz1@excite.com,2012321475,9178339264,Chaim,Horowitz,chaim.horowitz@aol.com,8454267957,19 Eldorado Dr,Lakewood,NJ,08701,Ocean County,SFR,Residential,4,3,2408,2014,,691000,2026-11-04,2,eligible,eligible,,,3455,Yes,Thu Sep 03,X,Yes
201905570,A,rated,Katelyn,Fletcher,,,6315535747,6317520000,Kim,Fletcher,kf123kk@gmail.com,6313000632,235 Rooney Ct,East Brunswick,NJ,08816,Middlesex County,CONDO,Residential,3,3,1835,1988,,596000,2026-11-04,2,eligible,eligible,,,3218,Yes,Wed Sep 02,X,Yes
700088560620,A,rated,Rafael,Alvarez,ralvarez@proceedinc.com,rehelfly@aol.com,6467855922,9084698530,Aime,Alvarez,avajolie13@gmail.com,7326706047,28-5 Woodedge Ave,Edison,NJ,08817,Middlesex County,CONDO,Condominium,1,,756,1966,,263000,2026-11-04,2,eligible,ineligible,,,1591,Yes,Wed Sep 02,X,No
48597896,A,rated,Gurpreet,Matharu,gsmatharu27@gmail.com,0.gurpreet@gmail.com,6099540231,,,,,,280 Kraemer Ct,East Brunswick,NJ,08816,Middlesex County,CONDO,Residential,3,3,1835,1995,,591000,2026-11-04,2,eligible,ineligible,,,3574,Yes,Wed Sep 02,X,No
190813660,A,rated,Florence,St Laurent,fstlaurent@nyse.com,flirence.stlaurent@gmail.com,9176996770,7182273459,William,Stlaurent,lilaholleigh@gmail.com,7182273459,340b Quinton Dr,Monroe Township,NJ,08831,Middlesex County,CONDO,Residential,,,1808,1978,,452000,2026-11-04,2,eligible,ineligible,,,3037,Yes,Thu Sep 03,X,No
50394685,A,rated,Veronica,Joao,,,9088128615,7329671181,Antonio,Joao,isabeloliveira35@cox.net,7329671181,5 Hendricks Ct,Sayreville,NJ,08872,Middlesex County,CONDO,Residential,2,3,,,,483000,2026-11-04,2,eligible,eligible,,,2415,Yes,Thu Sep 03,X,Yes
199725671,A,rated,Ralph,Russo,tbluehouse@yahoo.com,ralphieboy101@yahoo.com,7328412872,7328014689,Kim,Russo,kimlisa3@yahoo.com,7326702121,511 Wellington Pl,Matawan,NJ,07747,Monmouth County,CONDO,Residential,2,2,965,1979,,384000,2026-11-04,2,eligible,eligible,,,2304,Yes,Wed Sep 02,X,Yes
45458122,A,rated,Irina,Buyalskaya,irishka_b@yahoo.com,,7322940209,,Andrei,Erofeev,aerofeev@gmail.com,7322940209,63 Kingfisher Ct,Marlboro,NJ,07746,Monmouth County,CONDO,Residential,3,1,1792,1997,,649000,2026-11-04,2,eligible,eligible,,,3505,Yes,Thu Sep 03,X,Yes
203250637,A,rated,Maxine,Mancino,xsweetamethystx@aol.com,wildlilbrat00@aol.com,3477030102,8182590656,Marvin,Mancino,xsweetamethystx@aol.com,7322704750,7 Haven Dr,Matawan,NJ,07747,Middlesex County,CONDO,Residential,1,1,708,1967,,261000,2026-11-04,2,eligible,eligible,,,1409,Yes,Wed Sep 02,X,Yes
4188577,A,rated,Lori,Trimarchi,loritrimarchi@cs.com,rtrimarchi@aol.com,9178163065,9176918437,Judy,Trimarchi,trimarchifamily@verizon.net,9176918437,71 Bradford Ct,Matawan,NJ,07747,Monmouth County,CONDO,Residential,2,2,965,1983,,407000,2026-11-04,2,eligible,eligible,,,2442,Yes,Thu Sep 03,X,Yes
201840686,A,rated,Aman Sailesh,Parekh,parekhaman8@gmail.com,,,,Vipulkumar,Parekh,v_parekh@yahoo.com,7323435578,73 Kensington Dr,Piscataway,NJ,08854,Middlesex County,CONDO,Residential,3,3,1535,1992,,510000,2026-11-04,2,eligible,eligible,,,2754,Yes,Thu Sep 03,X,Yes
48573077,A,rated,Meihui,Ma,mameihui@hotmail.com,,8323404138,,Steven,Horlacher,rhorlacher@gmail.com,8323404039,83 Park Gate Dr,Edison,NJ,08820,Middlesex County,CONDO,Residential,2,1,1039,1983,,434000,2026-11-04,2,eligible,eligible,,,2604,Yes,Thu Sep 03,X,Yes
1000949126,A,rated,Srinivas,Vasireddi,srivasi@gmail.com,vasiboys@outlook.com,6098283963,2017441227,Krishnakumari,Vasireddi,,7322059886,1408 Sadie Cir,New Brunswick,NJ,08901,Middlesex County,CONDO,Condominium,,,1650,2024,,751000,2026-11-05,2,eligible,eligible,,,3755,Yes,Thu Sep 03,X,Yes
25491501,A,rated,Charles,Corsillo,charles.corsillo@gmail.com,charlescorsillo@gmail.com,7323100251,7322084865,Margarite,Corsillo,margari457@aol.com,7325365368,152 Amberly Dr Unit B,Manalapan,NJ,07726,Monmouth County,CONDO,Residential,2,2,1130,1976,,289000,2026-11-05,2,eligible,eligible,,,1734,Yes,Thu Sep 03,X,Yes
4535495,A,rated,Bernard,Callegari,bernardlocal79@gmail.com,bcallegari@yahoo.com,6462657762,3474435801,Linda,Holtz,lin.holtz@aol.com,7186854412,158 Daisy Dr,Freehold,NJ,07728,Monmouth County,CONDO,Residential,2,1,1629,1987,,535000,2026-11-05,2,eligible,eligible,,,2889,Yes,Thu Sep 03,X,Yes
50294253,A,rated,Matthew,Vazzana,,,7327108115,7322947877,Anthony,Vazzana,avazzana@geocities.com,7322947877,261 Century Way,Manalapan,NJ,07726,Monmouth County,CONDO,Residential,2,1,1512,1990,,549000,2026-11-05,2,eligible,eligible,,,2965,Yes,Thu Sep 03,X,Yes
48638109,A,rated,Joseph,Cirillo,crcrll1@aol.com,josephncirillo@gmail.com,7326984001,7327650440,Andrea,Cirillo,lillygirl0507@hotmail.com,7326157223,3 Catherine Ct,South Amboy,NJ,08879,Middlesex County,CONDO,Residential,,,1700,1993,,603000,2026-11-05,2,review,eligible,,,3256,Yes,Thu Sep 03,X,Yes
29242485,A,rated,Joshua,Richard,joshuadennis7788@gmail.com,,4044571029,4049102054,,,,,35 Jurgelsky Rd,Monroe Township,NJ,08831,Middlesex County,SFR,Residential,5,3,2453,2006,2006,969000,2026-11-05,2,eligible,review,,,4845,Yes,Thu Sep 03,X,Yes
1000438664,A,rated,Alaina,Mesmer,,,8564686817,8565461133,Janet,Mesmer,janmesken@aol.com,8564686817,4 Waller Dr,Middletown,NJ,07748,Monmouth County,CONDO,Residential,,,,,,930000,2026-11-05,2,eligible,ineligible,,,5208,Yes,Thu Sep 03,X,No
32844464,A,rated,Anna,Ferrandino Smedburg,amanda.m.ferrandino@gmail.com,amandamferrandino@gmail.com,3472446179,7183170953,Joseph,Smedburg,smedley921@yahoo.com,3479969125,50 Turret Dr,Monroe Township,NJ,08831,Middlesex County,SFR,Residential,2,2,1920,2010,2010,605000,2026-11-05,2,eligible,eligible,,,3025,Yes,Thu Sep 03,X,Yes
187790560,A,rated,Yevgeniy,Vaysberg,pavel18@juno.com,atispavel@yahoo.com,7329963704,8482280586,Yana,Vaysberg,pavel18@juno.com,7327926126,55 Wintergreen Dr,Manalapan,NJ,07726,Monmouth County,SFR,Residential,2,1,2221,2013,2013,978000,2026-11-05,2,eligible,eligible,,,4890,Yes,Thu Sep 03,X,Yes
1000438609,A,rated,David,Wilson,davidchristopherwilson@gmail.com,dwilson2660@yahoo.com,2017042818,9178630516,Karen,Wilson,kabwilson7@aol.com,2392315694,66 Augustus Dr,Middletown,NJ,07748,Monmouth County,CONDO,Residential,,,,,,984000,2026-11-05,2,eligible,ineligible,,,5510,Yes,Thu Sep 03,X,No
336990130,A,rated,Syed,Hussaini,hussainisayedmostafa@gmail.com,masood_hussaini@yahoo.com,9085907860,2487399200,,,,,1 Ranchwood Ct,Edison,NJ,08817,Middlesex County,SFR,Other / Unknown,5,5,3220,2023,2023,1166000,2026-11-06,2,eligible,ineligible,,,6413,Yes,Fri Sep 04,X,Yes
37498891,A,rated,Juan C,Farias,juancarfa@hotmail.com,ashleymimin@hotmail.com,9087649131,9084943370,Ashley,Farias,ashleymimin@hotmail.com,9087649131,101 Michaels Ct,Woodbridge,NJ,07095,Middlesex County,CONDO,Residential,2,2,,1991,,361000,2026-11-06,2,eligible,eligible,,,1949,Yes,Fri Sep 04,X,Yes
202870751,A,rated,Daniel,Lockwood,danlockwood@verizon.net,daniellockwood@mediaone.net,9084181913,7322554181,Jana,Lockwood,,7322554181,117 Knightsbridge Ln,Morganville,NJ,07751,Monmouth County,CONDO,Residential,,,1680,2013,,499000,2026-11-06,2,review,eligible,,,2495,Yes,Fri Sep 04,X,Yes
32487465,A,rated,Mathew,Welch,mathewwelchperformance@gmail.com,wbwelch88@aol.com,2033663366,2033343407,John,Welch,johncwelchjr@yahoo.com,2038828806,140 Newman St,Metuchen,NJ,08840,Middlesex County,CONDO,Residential,2,1,,,,488000,2026-11-06,2,eligible,eligible,,,2440,Yes,Fri Sep 04,X,Yes
53001157,A,rated,Peyman,Jamedar,,,7326511562,,Fariborz,Jamedar,fjamedar@yahoo.com,7326511562,15 Woodlake Dr,Parlin,NJ,08859,Middlesex County,CONDO,Residential,2,2,1375,2002,,480000,2026-11-06,2,review,review,,,2592,Yes,Fri Sep 04,X,Yes
2378635,A,rated,Katie,Smaldone,,,7325390535,7325805236,Randi,Smaldone,rsmal@earthlink.com,7325805236,163 Longwood Dr,Manalapan,NJ,07726,Monmouth County,CONDO,Residential,1,3,1314,1987,,570000,2026-11-06,2,eligible,eligible,,,3078,Yes,Fri Sep 04,X,Yes
37405841,A,rated,Francine,Mastrogianni,fmastrogianni@gmail.com,fmastrogianni@cs.com,9177501488,7186272858,Daniel,Mastrogianni,dmastrobianni@snet.net,5163430191,171 Clubhouse Dr,Middletown,NJ,07748,Monmouth County,CONDO,Residential,3,3,1674,1979,,540000,2026-11-06,2,eligible,ineligible,,,3240,Yes,Fri Sep 04,X,Yes
32378555,A,rated,Ronghui,Li,ronghuili@gmail.com,nikki330@yahoo.com,5163036669,5164508433,Jian,Li,jianxli82@gmail.com,7184631089,190 Shinnecock Dr,Manalapan,NJ,07726,Monmouth County,CONDO,Residential,4,1,2362,2000,,717000,2026-11-06,2,eligible,review,,,3872,Yes,Fri Sep 04,X,Yes
7186017,A,rated,Alexis,Gennusa,,,7329740273,7244357582,Carole,Gennusa,natgennusa@gmail.com,7322419589,21 Haverford Ct Unit 7,Freehold,NJ,07728,Monmouth County,CONDO,Residential,3,2,1400,1994,,470000,2026-11-06,2,eligible,eligible,,,2538,Yes,Fri Sep 04,X,Yes
202229008,A,rated,Elisha,Ganzvi,,,7323670347,,Gitti,Ganzvi,bailathebest@yahoo.com,7328147360,24 Charming Way,Lakewood,NJ,08701,Ocean County,SFR,Residential,3,4,1484,2010,2010,733000,2026-11-06,2,ineligible,eligible,,,3665,Yes,Fri Sep 04,X,Yes
189925567,A,rated,David A,Begley,dbegs66@aol.com,djbegs31@aim.com,9088399538,7322784231,Dennis,Begley,begley07@hotmail.com,7407742937,26 Hunters Pointe,North Middletown,NJ,07748,Monmouth County,CONDO,Residential,3,3,1716,1987,,755000,2026-11-06,2,eligible,eligible,,,4077,Yes,Fri Sep 04,X,Yes
332281847,A,rated,Levin,George,levingeorge7@gmail.com,,8134844923,,,,,,3201 Charleston Dr,Monroe Township,NJ,08831,Middlesex County,CONDO,Residential,,,2356,2023,,798000,2026-11-06,2,eligible,review,,,3990,Yes,Fri Sep 04,X,Yes
42669542,A,rated,Larisa,Shetsen,larisadcmbr17@aol.com,,9739061100,9732753181,Lev,Shetsen,l.shetsen@verizon.net,9734202100,357 Harrier Dr,Monroe Township,NJ,08831,Middlesex County,CONDO,Residential,2,2,1620,1998,,415000,2026-11-06,2,eligible,eligible,,,2241,Yes,Fri Sep 04,X,Yes
324340967,A,rated,Raymond,Amponsah,raymond.amponsah@rwjuh.edu,,7329252751,7328436545,Janet,Sarpong,janet.sarpong@ymail.com,7327715403,5 Duke Dr,Farmingdale,NJ,07727,Monmouth County,SFR,Residential,4,1,4194,2007,2007,1368000,2026-11-06,2,review,eligible,,,8208,Yes,Fri Sep 04,X,Yes
50404128,A,rated,Joseph,Ferguson,josephferguson73@gmail.com,tinkerbell32967@aol.com,9172885738,3477129913,Evelyn,Ferguson,josephferguson73@gmail.com,3477129913,50 Chatham Sq,Parlin,NJ,08859,Middlesex County,CONDO,Residential,3,3,1402,1986,,465000,2026-11-06,2,eligible,eligible,,,2511,Yes,Fri Sep 04,X,Yes
196867101,A,rated,Brian Harry,Galatis,bgalatis25@gmail.com,,9086753200,7325719470,Christopher,Galatis,chris.galatis@yahoo.com,7325717906,52 Greenwood Dr,Freehold,NJ,07728,Monmouth County,CONDO,Residential,1,1,840,1982,,300000,2026-11-06,2,eligible,eligible,,,1800,Yes,Fri Sep 04,X,Yes
141231850,A,rated,Robert,Kaye,artcrazi2000@mailcity.com,artcrazi2000@aol.com,7326157855,9089721727,Heidi,Kaye,flirtnqt22@aol.com,7329721727,7 Riviera Dr,Monroe Township,NJ,08831,Middlesex County,SFR,Residential,3,3,3185,2009,2009,787000,2026-11-06,2,eligible,review,,,4329,Yes,Fri Sep 04,X,Yes
190112135,A,rated,Daniel L,Barbaro,inefertiti@aol.com,,9174742262,7187638712,Danielle,Barbaro,inefertiti@aol.com,3475288760,735a Prospect Rd,Monroe Township,NJ,08831,Middlesex County,CONDO,Residential,,,1612,1985,,420000,2026-11-06,2,eligible,ineligible,,,2822,Yes,Fri Sep 04,X,No
288655,A,rated,Courtney,Marra,,,7322525894,7323030880,Helen,Marra,helenmarra59@gmail.com,7325985088,89 Briarwood Ct,Howell,NJ,07731,Monmouth County,CONDO,Residential,2,2,964,1986,,344000,2026-11-06,2,eligible,ineligible,,,1858,Yes,Fri Sep 04,X,Yes
192826977,A,rated,Daniel Jangwoo,Kim,joseph.kim126@gmail.com,,7326567661,7328019368,Sang,Kim,,9082027532,9c Bedfordshire Dr,Monroe Township,NJ,08831,Middlesex County,CONDO,Residential,,,1528,1983,,360000,2026-11-06,2,eligible,ineligible,,,2419,Yes,Fri Sep 04,X,No
326415600,A,rated,Natalie,Castello,nnc2013@yahoo.com,nnc1227@verizon.net,9084057813,7324057813,Robert,Bennetti,,7325664178,1136 Vanderbergh,Monroe Township,NJ,08831,Middlesex County,CONDO,Residential,,,1306,2023,,458000,2026-11-09,2,eligible,eligible,,,2290,Yes,Tue Sep 08,X,Yes
202973536,A,rated,Elizabeth,Murray,elizabeth.murray54@yahoo.com,michael.murray07@yahoo.com,2013888244,9083310726,Michael,Murray,michaelmurray1986@yahoo.com,9088390099,115 Lowens Strasse # A,Freehold,NJ,07728,Monmouth County,CONDO,Residential,2,1,1348,1967,,373000,2026-11-09,2,eligible,review,,,2238,Yes,Tue Sep 08,X,Yes
198790271,A,rated,Krissa,Hutin,katinahutin3@gmail.com,,7325669310,,Katina,Hutin,katinahutin3@gmail.com,7325669310,269 Gloucester Ct,Matawan,NJ,07747,Monmouth County,CONDO,Residential,2,1,902,1983,,372000,2026-11-09,2,eligible,eligible,,,2232,Yes,Tue Sep 08,X,Yes
322567404,A,rated,David,Tarullo,dtarullo1@gmail.com,,7327791537,7324584921,Lauren,Tarullo,laureneerb@gmail.com,7326166281,31 Imlay Ln,Farmingdale,NJ,07727,Monmouth County,SFR,Residential,4,1,2248,2016,,889000,2026-11-09,2,review,eligible,,,4445,Yes,Tue Sep 08,X,Yes
189415985,A,rated,Richard,Jacobs,richjacobs1@gmail.com,richj916@comcast.net,5169650154,5169659339,Deborah,Jacobs,richjacobs1@gmail.com,5169659339,31d Ethan Allen Dr,Monroe Township,NJ,08831,Middlesex County,CONDO,Residential,,,1528,1983,,372000,2026-11-09,2,eligible,eligible,,,2232,Yes,Tue Sep 08,X,Yes
186124669,A,rated,Nikolaos,Frangos,mfrangos@gmail.com,frangos.m@gmail.com,9083809987,9089173203,Minas,Frangos,mutenchops@hotmail.com,9083809987,409 Regency Pl,Woodbridge,NJ,07095,Middlesex County,CONDO,Residential,2,2,,2012,,378000,2026-11-09,2,eligible,review,,,1890,Yes,Tue Sep 08,X,Yes
198277589,A,rated,Debora,Ochoa,lisbethochoa@hotmail.com,,6094335265,9105684927,Jairo,Ochoa,jdavidochoag416@gmail.com,6095994295,464 Northam Dr,North Brunswick,NJ,08902,Middlesex County,CONDO,Residential,2,2,1106,1989,,395000,2026-11-09,2,review,eligible,,,2133,Yes,Tue Sep 08,X,Yes
251518676,A,rated,Louis,Hatziminas,,,7325134626,7325130652,Nick,Hatziminas,hhatziminas@aol.com,7325678501,5 Christie Ln,Freehold,NJ,07728,Monmouth County,SFR,Residential,4,2,3829,2009,,1161000,2026-11-09,2,eligible,eligible,,,6769,Yes,Tue Sep 08,X,Yes
37943180,A,rated,Rajinder,Virdi,,,4843211283,,Karamjit,Singh,virditransport@hotmail.com,7132408635,52 Lackland Ave,Piscataway,NJ,08854,Middlesex County,CONDO,Residential,2,2,1174,2008,,426000,2026-11-09,2,eligible,ineligible,,,2386,Yes,Tue Sep 08,X,No
187024991,A,rated,Barbara,Sonta,kbs06@aol.com,henriquebgarcia@gmail.com,7325864063,2178991532,William,Sonta,billsonta@gmail.com,2672412586,741b Pompton Rd,Monroe Township,NJ,08831,Middlesex County,CONDO,Residential,,,1258,1984,,361000,2026-11-09,2,eligible,eligible,,,2166,Yes,Tue Sep 08,X,Yes
252813714,A,rated,Zilin,Zhou,,,6094340144,,Jian,Zhou,jian.zhou@msn.com,6092758160,78 Cannon St,North Brunswick,NJ,08902,Middlesex County,SFR,Residential,3,3,2240,2017,2017,688000,2026-11-09,2,eligible,ineligible,,,3853,Yes,Tue Sep 08,X,No
251521382,A,rated,Sadri,Gjonbalaj,teaner23@aol.com,zgjonbalaj@bellsouth.net,7325010175,7326094660,Gjonbalaj,Gjonbalaj,liqurish03@aol.com,7326426514,107 Hidden Pond Ct,Englishtown,NJ,07726,Monmouth County,SFR,Residential,5,2,7794,2007,2007,2008000,2026-11-10,2,review,eligible,,,12048,Yes,Tue Sep 08,X,Yes
32790478,A,rated,Peter,Elsham,eelsham@gmail.com,ptelsham@aol.com,2053375827,9136207272,Peter,Sargent,pksargent2@yahoo.com,3167336651,108 Turnberry Dr,Monroe Township,NJ,08831,Middlesex County,SFR,Residential,3,3,3174,2006,,881000,2026-11-10,2,eligible,eligible,,,4846,Yes,Tue Sep 08,X,Yes
191051086,A,rated,Melissa,Mejia,cuttiemeliss28@aol.com,melissamejia1288@gmail.com,,,Elizabeth,Barreto,barretoe23@aol.com,2012066338,1320 Cricket Ln,Woodbridge,NJ,07095,Middlesex County,CONDO,Residential,1,1,,1981,,294000,2026-11-10,2,eligible,ineligible,,,1764,Yes,Tue Sep 08,X,Yes
193545183,A,rated,John,Battaglia,macksdaddy1414@aol.com,,3472377527,5162362715,Terri,Battaglia,bklynbrat409@aol.com,7325340004,291 Sunshine Ct,Englishtown,NJ,07726,Monmouth County,CONDO,Residential,1,2,1303,1986,,410000,2026-11-10,2,eligible,eligible,,,2214,Yes,Tue Sep 08,X,Yes
28955202,A,rated,Andrei,Barasch,barasaff@cs.com,saffordmm@aol.com,9735683766,2165774760,Ariel,Barasch,barasaff@gmail.com,2059143895,37 Merlot Ct,Monroe Township,NJ,08831,Middlesex County,SFR,Residential,3,3,2881,2008,2008,773000,2026-11-10,2,eligible,eligible,,,4252,Yes,Tue Sep 08,X,Yes
42719938,A,rated,Donna,Minervini,donna.santee@gmail.com,donnasantee@gmail.com,7326748878,9174121228,Anthony,Minervini,aminervini@netscape.net,7327876230,38 Bonnie Dr,North Middletown,NJ,07748,Monmouth County,CONDO,Residential,3,3,1855,1989,,755000,2026-11-10,2,eligible,eligible,,,4077,Yes,Tue Sep 08,X,Yes
50237142,A,rated,Lucille,Barchitta,lucillebarchitta@yahoo.com,justinbarchitta@icloud.com,9176172027,2123485413,John,Barchitta,johnbarchitta@hotmail.com,6464796548,42 Mountain Laurel Ln Unit C,Brielle,NJ,08730,Monmouth County,CONDO,Residential,2,2,1665,1980,,735000,2026-11-10,2,eligible,ineligible,,,4410,Yes,Tue Sep 08,X,Yes
12132942,A,rated,Helen C,Gilmartin,hgilmartin@verizon.net,,3472323319,7188338320,Fiona,Martin,marisavargo@netzero.net,8123251995,540 Cranbury Rd Apt 442,East Brunswick,NJ,08816,Middlesex County,CONDO,Residential,2,2,1629,2006,,385000,2026-11-10,2,review,ineligible,,,2156,Yes,Tue Sep 08,X,No
251238251,A,rated,Nina R,Rand,,,7189741799,5166977508,Joseph,Rand,yrand77@hotmail.com,7182346404,64 Stamford Hill Rd,Lakewood,NJ,08701,Ocean County,SFR,Residential,5,3,2460,2016,2016,909000,2026-11-10,2,review,eligible,,,4545,Yes,Tue Sep 08,X,Yes
700087014999,A,rated,Melissa,Silano,liannesilano@gmail.com,itapia2010@gmail.com,7326092988,7327927997,Lianne,Silano,liannesilano@gmail.com,7322724956,714-6 Zlotkin Circle,Freehold,NJ,07728,Monmouth County,CONDO,Townhouse/Condo,2,1,1311,1987,,355000,2026-11-10,2,eligible,eligible,,,1917,Yes,Tue Sep 08,X,Yes
700088947762,A,rated,Jan Ellen,Tumilowicz,jtumilowicz@yahoo.com,,7328231000,8562282528,Joseph,Tumilowicz,jjrt3@comcast.net,6096428939,728b Mount Vernon Road,Monroe Township,NJ,08831,Middlesex County,CONDO,Condominium,,,1848,1983,,403000,2026-11-10,2,eligible,ineligible,,,2708,Yes,Tue Sep 08,X,No
201597430,A,rated,Amy L,Gazerwitz,,,7325478464,5082463751,John,Gazerwitz,jgazerwitz@gmail.com,7322996900,103 Village Green Way,Hazlet,NJ,07730,Monmouth County,CONDO,Residential,2,1,1080,1981,,379000,2026-11-11,2,eligible,eligible,,,2274,Yes,Wed Sep 09,X,Yes
37757351,A,rated,Quawee,Whitening,newarkhead2001@aol.com,newarkhead2001@hotmail.com,9738853507,8623712221,Brenda,Caldwell,brendacaldwell1@hotmail.com,6465094882,1106 Madaline Dr,Avenel,NJ,07001,Middlesex County,CONDO,Residential,2,3,1000,1991,,411000,2026-11-11,2,eligible,ineligible,,,2486,Yes,Wed Sep 09,X,No
322567941,A,rated,John,Varca,jayjayvee@yahoo.com,joseph.m.lynch-1@usa.dupont.com,9176705450,9176915778,Eric,Varca,ericvarca@yahoo.com,7183385818,15 Lawley Dr,Lincroft,NJ,07738,Monmouth County,CONDO,Residential,,,2772,2018,,1150000,2026-11-11,2,eligible,eligible,,,6325,Yes,Wed Sep 09,X,Yes
251583716,A,rated,Michael Thomas,Yaccarino,yac_23@yahoo.com,michaelyaccarino@att.net,7324834320,7322223677,Judith,Yaccarino,judyyaccarino@gmail.com,7323613856,201 Alpine Trl,Neptune,NJ,07753,Monmouth County,CONDO,Residential,2,1,1290,1987,,404000,2026-11-11,2,eligible,eligible,,,2182,Yes,Wed Sep 09,X,Yes
50463915,A,rated,Teresa,Manning,n_goyette@yahoo.com,therschenfeld@yahoo.com,9084893683,7328425271,Donald,Manning,manningdevs@aol.com,7322722343,39 Firethorn Cir,Red Bank,NJ,07701,Monmouth County,CONDO,Residential,2,2,1147,1982,,480000,2026-11-11,2,eligible,eligible,,,2880,Yes,Wed Sep 09,X,Yes
50229255,A,rated,Bobbi,Jennings,georgiannay@yahoo.com,bobbi.jennings@netscape.net,9082940438,8563088855,Victoria,Jennings,vjennings10@gmail.com,9082940435,417 Frederick Ave,South Plainfield,NJ,07080,Middlesex County,CONDO,Residential,,,1200,1983,,430000,2026-11-11,2,eligible,ineligible,,,2890,Yes,Wed Sep 09,X,No
324339475,A,rated,Victor Scott,Losquadro,,,7328171755,7328340400,Victor,Losquadro,scott84h@hotmail.com,7325477572,7 Joan Dr,Millstone Township,NJ,08510,Monmouth County,SFR,Residential,4,5,5643,2006,2006,1748000,2026-11-11,2,review,eligible,,,11117,Yes,Wed Sep 09,X,Yes
32393276,A,rated,Marilou,Mallada,marilou.mallada@verizon.net,msmallada123@aol.com,6097310386,6094681477,Efren,Mallada,esmallada@gmail.com,6094681477,100 Middlesex Blvd Apt 140,Plainsboro,NJ,08536,Middlesex County,CONDO,Residential,2,2,1166,2007,,313000,2026-11-12,2,eligible,ineligible,,,1565,Yes,Wed Sep 09,X,Yes
326415602,A,rated,Sreekanth,Pentela,p_sreekanth@hotmail.com,,7328227169,7326239925,,,,,1138 Vanderbergh,Monroe Township,NJ,08831,Middlesex County,CONDO,Residential,2,2,1306,2023,,465000,2026-11-12,2,eligible,ineligible,,,2604,Yes,Wed Sep 09,X,No
23373932,A,rated,Pooja,Biala,poojaa79@gmail.com,,7323970716,7325852056,Mohit,Arora,a_garon@yahoo.com,7165736838,134 Waterford Dr,Edison,NJ,08817,Middlesex County,CONDO,Residential,2,2,1034,1995,,416000,2026-11-12,2,eligible,eligible,,,2246,Yes,Wed Sep 09,X,Yes
251593213,A,rated,Sean B,Connelly,,,8489921120,,Christina,Connelly,christinapesapane@aol.com,8489921120,1705 Alpine Trl,Neptune,NJ,07753,Monmouth County,CONDO,Residential,2,2,1290,1998,,411000,2026-11-12,2,eligible,eligible,,,2219,Yes,Wed Sep 09,X,Yes
322567635,A,rated,Marie Louise,Santo,mariesanto@gmail.com,mariesanta@gmail.com,9732550260,7326159698,Miles,Santo,,7325136226,19 Lennox Ct,Holmdel,NJ,07733,Monmouth County,CONDO,Residential,,,3213,2019,,1482000,2026-11-12,2,eligible,eligible,,,8151,Yes,Wed Sep 09,X,Yes
1969335,A,rated,Raymond,Drager,raymond.drager@yahoo.com,,,,Ashleigh,Drager,baby.blues4@verizon.net,7324390274,213 Wellington Pl,Matawan,NJ,07747,Monmouth County,CONDO,Residential,1,1,807,1979,,353000,2026-11-12,2,eligible,eligible,,,2118,Yes,Wed Sep 09,X,Yes
188109453,A,rated,Alexander H,Guidice,agdiceman1@aol.com,aguidice@cs.com,7187857366,9179324913,Patrice,Williams,darima2@hotmail.com,3473028148,219n Manchester Ln,Monroe Township,NJ,08831,Middlesex County,CONDO,Residential,,,1486,1972,,266000,2026-11-12,2,eligible,ineligible,,,1788,Yes,Wed Sep 09,X,No
187076418,A,rated,Michele,Kelly,auntmimi65@aol.com,ajkelly713@gmail.com,6028192742,7322410541,Alexander,Kelly,,7324955125,24 Arrowwood Ct,Red Bank,NJ,07701,Monmouth County,CONDO,Residential,2,2,1124,1982,,330900,2026-11-12,2,eligible,eligible,,,1985,Yes,Wed Sep 09,X,Yes
193191845,A,rated,Basilio,Monteiro,basiliomonteiro@gmail.com,basilio.monteiro@gmail.com,5166259750,5167850401,,,,,242 Wycoff Way W,East Brunswick,NJ,08816,Middlesex County,CONDO,Residential,2,1,1026,1985,,276000,2026-11-12,2,eligible,review,,,1656,Yes,Wed Sep 09,X,Yes
190816167,A,rated,Jessica,Calabrese,michelecal@gmail.com,jessicacal@optonline.net,9175396732,7323207564,Thomas,Calabrese,ethomas.calabreses84@aol.com,7323081357,2609 Strawberry Patch Ct,Freehold,NJ,07728,Monmouth County,CONDO,Residential,3,1,1718,1996,,528000,2026-11-12,2,review,eligible,,,2851,Yes,Wed Sep 09,X,Yes
201926376,A,rated,Marie,Loyer,bloyer1@gmail.com,bloyer1@tampabay.rr.com,6097128204,7329460889,Byron,Loyer,scalescop057@gmail.com,7329460889,32 Plaza De Las Lobos Unit B,Freehold,NJ,07728,Monmouth County,CONDO,Residential,2,1,1082,1967,,329000,2026-11-12,2,eligible,eligible,,,1974,Yes,Wed Sep 09,X,Yes
194840358,A,rated,Luis,Zambrano,luisz1016@gmail.com,shnarf1016@aol.com,9082471754,7036268605,,,,,323 Gill Ln Apt 11b,Iselin,NJ,08830,Middlesex County,CONDO,Residential,2,1,1000,1984,,354000,2026-11-12,2,eligible,ineligible,,,2379,Yes,Wed Sep 09,X,No
32957664,A,rated,Robert G,Levy,rdadventures@aol.com,rdadvemtures@aol.com,5616922351,9084992248,Steven,Levy,slevydc51@aol.com,7032200779,55 Amberly Dr Unit B,Manalapan,NJ,07726,Monmouth County,CONDO,Residential,2,1,1130,1974,,292000,2026-11-12,2,eligible,eligible,,,1752,Yes,Wed Sep 09,X,Yes
205227817,A,rated,Jared,Minski,leonardminski@hotmail.co.uk,,7324927084,7327921742,Leonard,Minski,ryanwis13@yahoo.com,7327921720,568 Saint Andrews Pl,Manalapan,NJ,07726,Monmouth County,CONDO,Residential,2,1,1592,2000,,503000,2026-11-12,2,eligible,eligible,,,2716,Yes,Wed Sep 09,X,Yes
26165741,A,rated,Viraj,Desai,viraj274@gmail.com,foram.vdesai@gmail.com,9084057738,9084057271,Foram,Desai,foram.vdesai@gmail.com,9084057738,60 Eddington Ln,Monroe Township,NJ,08831,Middlesex County,SFR,Residential,4,3,2009,2006,2006,837000,2026-11-12,2,eligible,eligible,,,4185,Yes,Wed Sep 09,X,Yes
25537389,A,rated,Jocelyn C,Waga,jwaga@hotmail.com,jocelynwaga_91@killamail.com,7327634087,9082099936,Jose,Waga,jwaga@hotmail.com,7328294012,714 Waterford Dr,Edison,NJ,08817,Middlesex County,CONDO,Residential,2,2,1034,1994,,388000,2026-11-12,2,eligible,ineligible,,,2347,Yes,Wed Sep 09,X,No
1000438599,A,rated,Michael,Tokman,asmt35@sbcglobal.net,cathila316@yahoo.com,4403764561,4403492994,Catherine,Tokman,brophykt@gmail.com,4408298866,78 Edmund Way,Middletown,NJ,07748,Monmouth County,CONDO,Residential,3,4,,,,1103000,2026-11-12,2,eligible,ineligible,,,6177,Yes,Wed Sep 09,X,No
333192989,A,rated,Daniel,Keegan,dkeegan25@gmail.com,,9739799096,8627030107,Casey,Keegan,casey.keegan3@gmail.com,9739799093,8 Midland Ave # 208,Cliffwood,NJ,07721,Monmouth County,CONDO,Residential,3,4,1914,2021,,843000,2026-11-12,2,eligible,eligible,,,4215,Yes,Wed Sep 09,X,Yes
209171997,A,rated,Rajesh,Kumar,sagar.kumar1@yahoo.com,sandman4751@hotmail.com,7328248658,7328248647,Sagar,Kumar,sagar.kumar1@yahoo.com,7328248647,1 San Diego Ct,Old Bridge,NJ,08857,Middlesex County,SFR,Residential,4,4,3700,2014,2014,1199000,2026-11-13,2,eligible,eligible,,,6595,Yes,Thu Sep 10,X,Yes
48544334,A,rated,Stephen E,Kroll,stephen_kroll@yahoo.com,snowmom118@aol.com,7328654707,7327872380,Eileen,Driggers,leedriggers@yahoo.com,8434820162,104 Village Green Way,Hazlet,NJ,07730,Monmouth County,CONDO,Residential,2,1,1080,1984,,397000,2026-11-13,2,eligible,eligible,,,2382,Yes,Thu Sep 10,X,Yes
42802284,A,rated,William,Large,williamlarge@gmail.com,blarge712@gmail.com,7327780776,7326701947,William,Large,blarge712@gmail.com,7327780776,114 Wedgewood Cir,Belford,NJ,07718,Monmouth County,CONDO,Residential,2,2,1162,2000,,444000,2026-11-13,2,eligible,eligible,,,2398,Yes,Thu Sep 10,X,Yes
45382473,A,rated,Steven,Bradley,oxjenniferxo1@aol.com,ellenlalu@hotmail.com,7322458353,7324390163,Jennifer,Rycyk,whaup1989@aol.com,7324390163,133 Blackbird Dr,Monroe Township,NJ,08831,Middlesex County,CONDO,Residential,2,2,1604,1997,,409000,2026-11-13,2,eligible,eligible,,,2209,Yes,Thu Sep 10,X,Yes
32543540,A,rated,Suresh,Vishnubhotla,sureshvishnubhotla@gmail.com,vishnubh33@yahoo.com,5027623410,,,,,,15 Amy Dr,North Brunswick,NJ,08902,Middlesex County,CONDO,Residential,3,3,1575,2000,,574000,2026-11-13,2,eligible,eligible,,,3100,Yes,Thu Sep 10,X,Yes
199543520,A,rated,Danielle,Emrick,emmafronek@gmail.com,danielle.emrick1@gmail.com,7323714139,6264785698,Bruce,Emrick,baemrick@optonline.net,7325566312,1521 Country Mill Dr,East Windsor,NJ,08512,Mercer County,CONDO,Residential,2,2,1215,1980,,303000,2026-11-13,2,eligible,eligible,,,1818,Yes,Thu Sep 10,X,Yes
32324072,A,rated,Arjit,Dhavale,amber.dhavale@gmail.com,amberdhavale@gmail.com,4198197765,,,,,,1702 Cypress Ln,East Brunswick,NJ,08816,Middlesex County,CONDO,Residential,2,2,1228,1997,,436000,2026-11-13,2,eligible,ineligible,,,2637,Yes,Thu Sep 10,X,No
193028459,A,rated,Oberge,Janvier,ojanvier@msn.com,obergej@gmail.com,6316809503,6099378877,Nathalie,Janvier,njanvier74@gmail.com,3476152146,2 Curtins Cor,Millstone Township,NJ,08510,Monmouth County,SFR,Residential,4,4,4434,2008,2008,1349000,2026-11-13,2,eligible,eligible,,,8580,Yes,Thu Sep 10,X,Yes
326399966,A,rated,Johnny,Alite,johnnyalite@gmail.com,delvaalite5@gmail.com,8563040417,3479770970,Claudia,Dipippa,claudiared38@aol.com,3475533411,2 Ellen Heath Dr,Matawan,NJ,07747,Middlesex County,CONDO,Residential,3,3,1294,1977,,392000,2026-11-13,2,eligible,review,,,2352,Yes,Thu Sep 10,X,Yes
145850672,A,rated,Yochonon,Hecht,yochononhecht@gmail.com,fasiegman@yahoo.com,9292366045,,Yosef,Hecht,yhecht@netzero.net,7189510831,203 Moses Milch Dr,Howell,NJ,07731,Monmouth County,CONDO,Residential,3,1,1672,1994,,617000,2026-11-13,2,review,eligible,,,3332,Yes,Thu Sep 10,X,Yes
199854249,A,rated,Haydee,Nizama,,,7324248019,7327520368,Magdalena,Nizama,alexnizama@hotmail.com,7329260582,22 Gramercy Gdns # A,Middlesex,NJ,08846,Middlesex County,CONDO,Residential,1,1,780,1960,,248000,2026-11-13,2,eligible,eligible,,,1507,Yes,Thu Sep 10,X,Yes
45615580,A,rated,Corey J,Amann,cjamann16@gmail.com,celesteamann@embarqmail.com,9086192300,9082952561,Charles,Amann,devilsrock9@yahoo.com,9084039580,258 Clubhouse Dr,Middletown,NJ,07748,Monmouth County,CONDO,Residential,3,3,1674,1980,,566000,2026-11-13,2,eligible,eligible,,,3396,Yes,Thu Sep 10,X,Yes
32551898,A,rated,Kocherlakota,Krishna,jananikrishna@comcast.net,,7325984709,9089570404,Janani,Krishna,jkrishna@netscape.net,7329570404,3 Paddock Ct,Dayton,NJ,08810,Middlesex County,SFR,Residential,3,2,2424,2006,2006,658000,2026-11-13,2,eligible,eligible,,,3290,Yes,Thu Sep 10,X,Yes
48522014,A,rated,Shaun,Cagaoan,juaver@hotmail.com,asma_ali1@yahoo.com,7329129436,7328776915,Juanita,Vergara,jvc2427@gmail.com,7328505249,33 Brighton Way,North Brunswick,NJ,08902,Middlesex County,CONDO,Residential,,,855,1989,,329000,2026-11-13,2,review,eligible,,,1777,Yes,Thu Sep 10,X,Yes
196564625,A,rated,Diane,Waters,diannewaters@comcast.net,,9082298027,7322450749,,,,,33 Lexington Ct,Red Bank,NJ,07701,Monmouth County,CONDO,Residential,1,1,999,1976,,366000,2026-11-13,2,eligible,eligible,,,2196,Yes,Thu Sep 10,X,Yes
1000438498,A,rated,William,Walters,bwalters@b-wearvelours.com,billyjo564@aol.com,7188875736,7182732276,Margaret,Walters,,7182732276,3404 Expedition St,Marlboro,NJ,07746,Monmouth County,CONDO,Vacant Land,3,3,2800,2023,,893000,2026-11-13,2,eligible,eligible,,,4912,Yes,Thu Sep 10,X,Yes
1000438989,A,rated,Suzy,Fahmy,fahmy2000@aol.com,suzyfahmy@hotmail.com,7326428080,7326885286,Sherif,Fahmy,,7323678210,35 Chapel Ln,Neptune,NJ,07753,Monmouth County,CONDO,Residential,,,1859,2023,,771000,2026-11-13,2,eligible,ineligible,,,3855,Yes,Thu Sep 10,X,Yes
205227783,A,rated,Diane,Portilla,dianeportilla@yahoo.com,dbocchicchio@juno.com,9084159665,9084155966,Gina,Bocchicchio,gmbajt@yahoo.com,7329780621,449 Saint Andrews Pl,Manalapan,NJ,07726,Monmouth County,CONDO,Residential,2,1,1017,2000,,221000,2026-11-13,2,eligible,eligible,,,1193,Yes,Thu Sep 10,X,Yes
1000438052,A,rated,Nick,Metlitsky,nickmet123@yahoo.com,nickmet12@hotmail.com,7327402913,7326772102,,,,,51 Crimson Dr,Manalapan,NJ,07726,Monmouth County,CONDO,Vacant Land,,,,2024,,659000,2026-11-13,2,eligible,ineligible,,,3690,Yes,Thu Sep 10,X,No
146580724,A,rated,Jen Min,Sun,jenminsun@comcast.net,jenminsun@juno.com,6469420114,7189872931,,,,,540 Cranbury Rd Apt 414,East Brunswick,NJ,08816,Middlesex County,CONDO,Residential,2,1,1208,2009,,335000,2026-11-13,2,eligible,eligible,,,1675,Yes,Thu Sep 10,X,Yes
42840201,A,rated,James,Diguido,diguido@aol.com,,,,James,Diguido,jdiguido@hotmail.com,7325666839,57 Farnham Sq,Parlin,NJ,08859,Middlesex County,CONDO,Residential,1,1,879,1986,,316000,2026-11-13,2,eligible,ineligible,,,1706,Yes,Thu Sep 10,X,Yes
188540543,A,rated,Zoila,Anemone,kiki9579@aol.com,amparoza@hotmail.com,7328964913,8162611572,Michelle,Kurbansade,michi9579@aol.com,7326345758,591c Troy Way,Monroe Township,NJ,08831,Middlesex County,CONDO,Residential,,,1260,1983,,284000,2026-11-13,2,eligible,eligible,,,1704,Yes,Thu Sep 10,X,Yes
190820146,A,rated,Eugene L,Picco,picczdude@yahoo.com,ginopicco@bowne.com,7328967021,9082277462,Sharon,Picco,p922@aol.com,7322515985,614b Lemington Plz,Monroe Township,NJ,08831,Middlesex County,CONDO,Residential,,,1155,1987,,319000,2026-11-13,2,eligible,ineligible,,,1929,Yes,Thu Sep 10,X,No
45506525,A,rated,Lilia,Mantsynova,lkimovna@yahoo.com,,7322998220,7328515156,Igor,Mantsynov,igor.mantsynov@yahoo.com,9175312122,666 Saint Andrews Pl,Manalapan,NJ,07726,Monmouth County,CONDO,Residential,2,1,1592,2000,,460000,2026-11-13,2,eligible,eligible,,,2484,Yes,Thu Sep 10,X,Yes
48642326,A,rated,Antonio,Gallego,agall2112@gmail.com,,7323104200,9176763837,Angelita,Gallego,ang81482@aol.com,3475248951,704 Cricket Ln,Woodbridge,NJ,07095,Middlesex County,CONDO,Residential,1,1,,1981,,286000,2026-11-13,2,eligible,eligible,,,1716,Yes,Thu Sep 10,X,Yes
153009695,A,rated,Edward,Gordils,egordils@gmail.com,gordils@mail.com,5169988650,7327494433,Lissette,Gordils,,7329772912,9-5 Boise Ct,Freehold,NJ,07728,Monmouth County,CONDO,Residential,2,1,1197,1982,,375000,2026-11-13,2,eligible,eligible,,,2250,Yes,Thu Sep 10,X,Yes
34642098,A,rated,Mark,Lauro,nycsailor1@yahoo.com,mjlmay76@gmail.com,7328748439,7329273287,Jennifer,Lauro,jcm30976@yahoo.com,7325671008,11 Amherst Ct,Matawan,NJ,07747,Monmouth County,CONDO,Residential,2,2,1254,1983,,465000,2026-11-14,2,eligible,eligible,,,2790,Yes,Fri Sep 11,X,Yes
190791623,A,rated,Jerry,Derosa,jerryderosa@hotmail.com,j_derosa1@yahoo.com,6469386189,7183829172,Gina,Derosa,gee1119@aol.com,6469386189,111f Pilatus Platz,Freehold,NJ,07728,Monmouth County,CONDO,Residential,2,1,1064,1967,,318000,2026-11-14,2,eligible,ineligible,,,2137,Yes,Fri Sep 11,X,No
9754778,A,rated,Adele,Milanowycz,jmilanowycz@yahoo.com,e9amilanowycz@comcast.com,9084037846,9089177145,Joseph,Milanowycz,jmilanowycz@yahoo.com,9082762029,12 Locust Ct,Spring Lake,NJ,07762,Monmouth County,CONDO,Residential,2,2,1148,1973,,1060000,2026-11-14,2,review,eligible,,,6360,Yes,Fri Sep 11,X,Yes
198301204,A,rated,Dakshina,Balijepalli,daksiri@gmail.com,dak75@hotmail.com,7328778135,6174167081,Susmitha,Chivukula,susb75@yahoo.com,9783359777,1309 Aspen Dr,Plainsboro,NJ,08536,Middlesex County,CONDO,Residential,2,2,916,1985,,393000,2026-11-14,2,eligible,ineligible,,,2641,Yes,Fri Sep 11,X,No
32493424,A,rated,Samih,Fawzy,sfawzy@gateway.net,maryguirguis100@gmail.com,7327109963,7323901387,Christine,Saba,chrisfawzy@yahoo.com,7326908811,1404 Cedar Village Blvd,East Brunswick,NJ,08816,Middlesex County,CONDO,Residential,2,2,1892,2006,,419000,2026-11-14,2,eligible,eligible,,,2095,Yes,Fri Sep 11,X,Yes
30006913,A,rated,Susan,Ryan,wscaryan@aol.com,compton732@aol.com,9087593896,7325135333,William,Ryan,wscaryan@aol.com,7327410839,16 Eastport Ct,Red Bank,NJ,07701,Monmouth County,CONDO,Residential,2,2,1494,1976,,756000,2026-11-14,2,eligible,eligible,,,4536,Yes,Fri Sep 11,X,Yes
187705620,A,rated,Antonio,Carvalho,peyton3517@gmail.com,dsenn@comcast.com,9738685945,9083078551,Nancy,Carvalho,ania629@hotmail.com,8622502490,16g James Buchanan Dr,Monroe Township,NJ,08831,Middlesex County,CONDO,Residential,,,1151,1983,,279000,2026-11-14,2,eligible,ineligible,,,1875,Yes,Fri Sep 11,X,No
196012003,A,rated,Ralph,Barbato,barbarianfitness62@gmail.com,boomer1962@msn.com,2014671728,7189485579,Dana,Weber,dayna467@yahoo.com,7189098863,227 N Pondview Blvd,Monroe Township,NJ,08831,Middlesex County,CONDO,Residential,2,3,1768,1997,,445000,2026-11-14,2,eligible,eligible,,,2547,Yes,Fri Sep 11,X,Yes
153259368,A,rated,Kamil,Kiernozek,kiernoz@gmail.com,kamil.kiernozek@mynycb.com,6314664574,5162252133,Aneta,Kulikowska,kulikowskaaneta3@gmail.com,6319353367,24 Meadow Green Cir Unit K,Manalapan,NJ,07726,Monmouth County,CONDO,Residential,2,1,1130,1973,,254000,2026-11-14,2,eligible,review,,,1524,Yes,Fri Sep 11,X,Yes
151863490,A,rated,Jigar,Khamar,jignesh_khamar2009@yahoo.com,jigarkhamar@gmail.com,7324911604,7324911599,Krishna,Khamar,krishna_khamar@yahoo.com,9085028486,2414 Edward Stec Blvd Ste C,Edison,NJ,08837,Middlesex County,CONDO,Residential,3,2,1653,2010,,629000,2026-11-14,2,eligible,ineligible,,,3522,Yes,Fri Sep 11,X,No
327383059,A,rated,Deepak,Punjabi,rahman6719@yahoo.com,dpunjabi@yahoo.com,6097315710,6092407823,Devki,Punjabi,legs72659@aol.com,6095861713,26 Metro Dr,Monroe Township,NJ,08831,Middlesex County,SFR,Residential,4,3,2934,2021,2021,830000,2026-11-14,2,eligible,eligible,,,4565,Yes,Fri Sep 11,X,Yes
328147405,A,rated,Anusha,Dasari,adasari@nextgen.com,,9136335311,,,,,,28 Clover Ln,Monroe Township,NJ,08831,Middlesex County,SFR,Residential,3,3,2221,2019,2019,759000,2026-11-14,2,eligible,eligible,,,3795,Yes,Fri Sep 11,X,Yes
197840121,A,rated,Felicia,Cooper,powell.f@att.net,,9178211246,9082086782,James,Cooper,coops2k@aol.com,9087051694,282n Old Nassau Rd,Monroe Township,NJ,08831,Middlesex County,CONDO,Residential,,,1150,1973,,255000,2026-11-14,2,eligible,eligible,,,1530,Yes,Fri Sep 11,X,Yes
32961991,A,rated,Carroll J,Noble,carrollnoble005@gmail.com,carroll.noble@prudential.com,9085866487,6097512719,Robert,Knox,robknox70@gmail.com,7325003563,3 Rebecca Ann Ct,Tinton Falls,NJ,07724,Monmouth County,CONDO,Residential,3,1,3323,2017,,1252000,2026-11-14,2,eligible,eligible,,,6886,Yes,Fri Sep 11,X,Yes
48470848,A,rated,Rupesh,Vuppala,rup001@hotmail.com,uppalarupesh@rediffmail.com,8502127704,,,,,,314 Woodmill Dr,East Windsor,NJ,08512,Mercer County,CONDO,Residential,2,2,1215,1983,,298000,2026-11-14,2,eligible,eligible,,,1788,Yes,Fri Sep 11,X,Yes
5081211,A,rated,Terence,Donnelly,jetfan212@aol.com,onelazys0b@aol.com,9089023830,8632710175,Janice,Donnelly,onelazys0b@aol.com,9089023004,38 Haven Dr,Matawan,NJ,07747,Middlesex County,CONDO,Residential,,,875,1967,,309000,2026-11-14,2,eligible,eligible,,,1854,Yes,Fri Sep 11,X,Yes
32855920,A,rated,Hernan,Duque,,,9082171990,7324253891,Julian,Duque,duquesony@yahoo.com,9082171990,38 Kensington Dr,Piscataway,NJ,08854,Middlesex County,CONDO,Residential,2,2,1192,1994,,412000,2026-11-14,2,review,eligible,,,2225,Yes,Fri Sep 11,X,Yes
32512270,A,rated,Xiaowu,Chen,rhchenj@hotmail.com,,7324293345,6463925511,Lu,Chen,oluchenj97@msn.com,3018701549,382 College Dr,Edison,NJ,08817,Middlesex County,CONDO,Residential,2,,884,1977,,262000,2026-11-14,2,eligible,eligible,,,1572,Yes,Fri Sep 11,X,Yes
189454054,A,rated,Steven,Yen,stevenyenphotography@gmail.com,,6463091390,9173062310,Lisa,Yen,yen1818@hotmail.com,6095320667,555 S Atlantic Ave Apt 6,Matawan,NJ,07747,Monmouth County,CONDO,Residential,2,1,1220,1985,,414000,2026-11-14,2,eligible,ineligible,,,2782,Yes,Fri Sep 11,X,No
324340399,A,rated,Darrel,Pearce,alainawalden@aol.com,sbviking@gmail.com,7323186541,6165220129,Erin,Pearce,efroggy15@gmail.com,7327707425,62 Deepwater Cir,Manalapan,NJ,07726,Monmouth County,CONDO,Residential,3,1,2022,2006,,723000,2026-11-14,2,eligible,eligible,,,3615,Yes,Fri Sep 11,X,Yes
28960441,A,rated,Robert,Rivera,,,6464030756,7324010401,Sabrina,Rivera,sabrinarivera23@yahoo.com,3474455308,6209 Falston Cir,Old Bridge,NJ,08857,Middlesex County,CONDO,Residential,2,2,1808,2006,,614000,2026-11-14,2,eligible,eligible,,,3070,Yes,Fri Sep 11,X,Yes
42820143,A,rated,Diana,Giasi,dinkyb10@aol.com,,9179916367,7183170515,Robert,Rizza,adrienne.rutledge@yahoo.com,9179916367,68 Bradford Ct,Matawan,NJ,07747,Monmouth County,CONDO,Residential,3,2,1254,1983,,428000,2026-11-14,2,eligible,review,,,2568,Yes,Fri Sep 11,X,Yes
190041301,A,rated,Linda,Benson,benson133@comcast.net,benson133@hotmail.com,7328594085,7329859198,Richard,Benson,benson133@comcast.net,7328594085,99c Dogwood Plz,Monroe Township,NJ,08831,Middlesex County,CONDO,Residential,,,805,1974,,246000,2026-11-14,2,eligible,ineligible,,,1653,Yes,Fri Sep 11,X,No